2025-07-28 03:59:07,ALPHA_SPECIALIST,5871858498,1476,FAILURE,https://secure.booking.com/help/confirmation_pin_auth
2025-07-28 03:59:30,ALPHA_SPECIALIST,5871858498,6704,FAILURE,https://secure.booking.com/help/confirmation_pin_auth
2025-07-28 04:00:03,ALPHA_SPECIALIST,5871858498,1965,FAILURE,https://secure.booking.com/help/confirmation_pin_auth
2025-07-28 04:00:10,ALPHA_SPECIALIST,5871858498,2390,EXCEPTION,
2025-07-28 04:00:17,ALPHA_SPECIALIST,5871858498,5167,EXCEPTION,
2025-07-28 04:00:24,ALPHA_SPECIALIST,5871858498,7098,EXCEPTION,
2025-07-28 04:00:31,ALPHA_SPECIALIST,5871858498,3816,EXCEPTION,
2025-07-28 04:00:38,ALPHA_SPECIALIST,5871858498,4039,EXCEPTION,
2025-07-28 04:00:45,ALPHA_SPECIALIST,5871858498,8652,EXCEPTION,
2025-07-28 04:00:52,ALPHA_SPECIALIST,5871858498,1790,EXCEPTION,
2025-07-28 04:00:59,ALPHA_SPECIALIST,5871858498,7943,EXCEPTION,
2025-07-28 04:01:07,ALPHA_SPECIALIST,5871858498,6005,EXCEPTION,
2025-07-28 04:01:32,ALPHA_SPECIALIST,5871858498,9102,FAILURE,https://secure.booking.com/help/confirmation_pin_auth
2025-07-28 04:01:54,ALPHA_SPECIALIST,5871858498,2384,FAILURE,https://secure.booking.com/help/confirmation_pin_auth
2025-07-28 04:02:16,ALPHA_SPECIALIST,5871858498,7349,FAILURE,https://secure.booking.com/help/confirmation_pin_auth
2025-07-28 04:03:00,ALPHA_SPECIALIST,5871858498,1476,EXCEPTION,
2025-07-28 04:03:37,ALPHA_SPECIALIST,5871858498,6704,EXCEPTION,
2025-07-28 04:04:14,ALPHA_SPECIALIST,5871858498,1965,EXCEPTION,
2025-07-28 04:04:39,ALPHA_SPECIALIST,5871858498,2390,EXCEPTION,
2025-07-28 04:04:46,ALPHA_SPECIALIST,5871858498,5167,EXCEPTION,
2025-07-28 04:04:54,ALPHA_SPECIALIST,5871858498,7098,EXCEPTION,
2025-07-28 04:05:27,ALPHA_SPECIALIST,5871858498,3816,FAILURE,https://secure.booking.com/help/confirmation_pin_auth
2025-07-28 04:05:48,ALPHA_SPECIALIST,5871858498,4039,FAILURE,https://secure.booking.com/help/confirmation_pin_auth
2025-07-28 04:07:16,ALPHA_SPECIALIST,5871858498,1476,EXCEPTION,
2025-07-28 04:07:51,ALPHA_SPECIALIST,5871858498,6704,FAILURE,https://secure.booking.com/help/confirmation_pin_auth
2025-07-28 04:08:27,ALPHA_SPECIALIST,5871858498,1965,SUCCESS,https://secure.booking.com/help/reservation?hc_origin=auth_conf_pin&pincode=1965&unique_order_id=22-5871858498
2025-07-28 04:09:27,ALPHA_SPECIALIST,5871858498,2390,FAILURE,https://secure.booking.com/help/confirmation_pin_auth
2025-07-28 04:27:29,ALPHA_SPECIALIST,6339614781,1476,EXCEPTION,
2025-07-28 04:28:06,ALPHA_SPECIALIST,6339614781,6704,FAILURE,https://secure.booking.com/help/confirmation_pin_auth
2025-07-28 04:28:29,ALPHA_SPECIALIST,6339614781,9921,FAILURE,https://secure.booking.com/help/confirmation_pin_auth
2025-07-28 04:28:51,ALPHA_SPECIALIST,6339614781,2390,FAILURE,https://secure.booking.com/help/confirmation_pin_auth
2025-07-28 04:29:14,ALPHA_SPECIALIST,6339614781,5167,FAILURE,https://secure.booking.com/help/confirmation_pin_auth
2025-07-28 04:29:36,ALPHA_SPECIALIST,6339614781,7098,FAILURE,https://secure.booking.com/help/confirmation_pin_auth
2025-07-28 04:30:08,ALPHA_SPECIALIST,6339614781,3816,FAILURE,https://secure.booking.com/help/confirmation_pin_auth
2025-07-28 04:30:37,ALPHA_SPECIALIST,6339614781,4039,FAILURE,https://secure.booking.com/help/confirmation_pin_auth
2025-07-28 04:31:01,ALPHA_SPECIALIST,6339614781,8652,FAILURE,https://secure.booking.com/help/confirmation_pin_auth
2025-07-28 04:31:25,ALPHA_SPECIALIST,6339614781,1790,FAILURE,https://secure.booking.com/help/confirmation_pin_auth
2025-07-28 04:31:49,ALPHA_SPECIALIST,6339614781,7943,FAILURE,https://secure.booking.com/help/confirmation_pin_auth
2025-07-28 04:32:15,ALPHA_SPECIALIST,6339614781,6005,FAILURE,https://secure.booking.com/help/confirmation_pin_auth
2025-07-28 04:32:38,ALPHA_SPECIALIST,6339614781,9102,FAILURE,https://secure.booking.com/help/confirmation_pin_auth
2025-07-28 04:32:59,ALPHA_SPECIALIST,6339614781,2384,FAILURE,https://secure.booking.com/help/confirmation_pin_auth
2025-07-28 04:33:31,ALPHA_SPECIALIST,6339614781,7349,FAILURE,https://secure.booking.com/help/confirmation_pin_auth
2025-07-28 04:33:55,ALPHA_SPECIALIST,6339614781,8217,FAILURE,https://secure.booking.com/help/confirmation_pin_auth
2025-07-28 04:34:18,ALPHA_SPECIALIST,6339614781,9558,FAILURE,https://secure.booking.com/help/confirmation_pin_auth
2025-07-28 04:34:40,ALPHA_SPECIALIST,6339614781,1332,FAILURE,https://secure.booking.com/help/confirmation_pin_auth
2025-07-28 04:35:03,ALPHA_SPECIALIST,6339614781,4206,FAILURE,https://secure.booking.com/help/confirmation_pin_auth
2025-07-28 04:35:40,ALPHA_SPECIALIST,6339614781,7581,FAILURE,https://secure.booking.com/help/confirmation_pin_auth
2025-07-28 04:36:04,ALPHA_SPECIALIST,6339614781,3018,FAILURE,https://secure.booking.com/help/confirmation_pin_auth
2025-07-28 04:36:32,ALPHA_SPECIALIST,6339614781,6440,FAILURE,https://secure.booking.com/help/confirmation_pin_auth
2025-07-28 04:36:59,ALPHA_SPECIALIST,6339614781,9224,FAILURE,https://secure.booking.com/help/confirmation_pin_auth
2025-07-28 04:37:30,ALPHA_SPECIALIST,6339614781,5421,FAILURE,https://secure.booking.com/help/confirmation_pin_auth
2025-07-28 04:37:53,ALPHA_SPECIALIST,6339614781,3975,FAILURE,https://secure.booking.com/help/confirmation_pin_auth
2025-07-28 04:38:17,ALPHA_SPECIALIST,6339614781,6876,FAILURE,https://secure.booking.com/help/confirmation_pin_auth
2025-07-28 04:38:41,ALPHA_SPECIALIST,6339614781,7033,FAILURE,https://secure.booking.com/help/confirmation_pin_auth
2025-07-28 04:39:04,ALPHA_SPECIALIST,6339614781,8751,FAILURE,https://secure.booking.com/help/confirmation_pin_auth
2025-07-28 04:39:29,ALPHA_SPECIALIST,6339614781,1094,FAILURE,https://secure.booking.com/help/confirmation_pin_auth
2025-07-28 04:39:52,ALPHA_SPECIALIST,6339614781,5672,FAILURE,https://secure.booking.com/help/confirmation_pin_auth
2025-07-28 04:40:16,ALPHA_SPECIALIST,6339614781,8348,FAILURE,https://secure.booking.com/help/confirmation_pin_auth
2025-07-28 04:40:38,ALPHA_SPECIALIST,6339614781,7469,FAILURE,https://secure.booking.com/help/confirmation_pin_auth
2025-07-28 04:41:06,ALPHA_SPECIALIST,6339614781,2903,FAILURE,https://secure.booking.com/help/confirmation_pin_auth
2025-07-28 04:41:33,ALPHA_SPECIALIST,6339614781,1881,FAILURE,https://secure.booking.com/help/confirmation_pin_auth
2025-07-28 04:41:57,ALPHA_SPECIALIST,6339614781,4727,FAILURE,https://secure.booking.com/help/confirmation_pin_auth
2025-07-28 04:42:19,ALPHA_SPECIALIST,6339614781,3156,FAILURE,https://secure.booking.com/help/confirmation_pin_auth
2025-07-28 04:42:56,ALPHA_SPECIALIST,6339614781,9317,FAILURE,https://secure.booking.com/help/confirmation_pin_auth
2025-07-28 04:43:20,ALPHA_SPECIALIST,6339614781,1517,FAILURE,https://secure.booking.com/help/confirmation_pin_auth
2025-07-28 04:43:45,ALPHA_SPECIALIST,6339614781,4490,FAILURE,https://secure.booking.com/help/confirmation_pin_auth
2025-07-28 04:44:07,ALPHA_SPECIALIST,6339614781,2586,FAILURE,https://secure.booking.com/help/confirmation_pin_auth
2025-07-28 04:44:40,ALPHA_SPECIALIST,6339614781,6048,FAILURE,https://secure.booking.com/help/confirmation_pin_auth
2025-07-28 04:45:13,ALPHA_SPECIALIST,6339614781,7025,FAILURE,https://secure.booking.com/help/confirmation_pin_auth
2025-07-28 04:45:40,ALPHA_SPECIALIST,6339614781,1394,FAILURE,https://secure.booking.com/help/confirmation_pin_auth
2025-07-28 04:46:01,ALPHA_SPECIALIST,6339614781,7635,FAILURE,https://secure.booking.com/help/confirmation_pin_auth
2025-07-28 04:46:23,ALPHA_SPECIALIST,6339614781,2981,FAILURE,https://secure.booking.com/help/confirmation_pin_auth
2025-07-28 04:46:44,ALPHA_SPECIALIST,6339614781,8479,FAILURE,https://secure.booking.com/help/confirmation_pin_auth
2025-07-28 04:47:05,ALPHA_SPECIALIST,6339614781,3724,FAILURE,https://secure.booking.com/help/confirmation_pin_auth
2025-07-28 06:24:14,ALPHA_SPECIALIST,6339614781,0295,FAILURE,https://secure.booking.com/help/confirmation_pin_auth
2025-07-28 06:24:38,ALPHA_SPECIALIST,6339614781,1842,FAILURE,https://secure.booking.com/help/confirmation_pin_auth
2025-07-28 06:25:00,ALPHA_SPECIALIST,6339614781,0922,FAILURE,https://secure.booking.com/help/confirmation_pin_auth
2025-07-28 06:25:21,ALPHA_SPECIALIST,6339614781,1781,FAILURE,https://secure.booking.com/help/confirmation_pin_auth
2025-07-28 06:25:52,ALPHA_SPECIALIST,6339614781,8856,FAILURE,https://secure.booking.com/help/confirmation_pin_auth
2025-07-28 06:26:17,ALPHA_SPECIALIST,6339614781,2634,FAILURE,https://secure.booking.com/help/confirmation_pin_auth
2025-07-28 06:26:39,ALPHA_SPECIALIST,6339614781,7674,FAILURE,https://secure.booking.com/help/confirmation_pin_auth
2025-07-28 06:27:00,ALPHA_SPECIALIST,6339614781,7628,FAILURE,https://secure.booking.com/help/confirmation_pin_auth
2025-07-28 06:27:22,ALPHA_SPECIALIST,6339614781,3260,FAILURE,https://secure.booking.com/help/confirmation_pin_auth
2025-07-28 06:27:43,ALPHA_SPECIALIST,6339614781,9027,FAILURE,https://secure.booking.com/help/confirmation_pin_auth
2025-07-28 06:28:03,ALPHA_SPECIALIST,6339614781,4627,FAILURE,https://secure.booking.com/help/confirmation_pin_auth
2025-07-28 06:28:23,ALPHA_SPECIALIST,6339614781,8031,FAILURE,https://secure.booking.com/help/confirmation_pin_auth
2025-07-28 06:28:45,ALPHA_SPECIALIST,6339614781,2383,FAILURE,https://secure.booking.com/help/confirmation_pin_auth
2025-07-28 06:29:06,ALPHA_SPECIALIST,6339614781,5415,FAILURE,https://secure.booking.com/help/confirmation_pin_auth
2025-07-28 06:29:26,ALPHA_SPECIALIST,6339614781,1008,FAILURE,https://secure.booking.com/help/confirmation_pin_auth
2025-07-28 06:29:47,ALPHA_SPECIALIST,6339614781,4123,FAILURE,https://secure.booking.com/help/confirmation_pin_auth
2025-07-28 06:30:07,ALPHA_SPECIALIST,6339614781,1807,FAILURE,https://secure.booking.com/help/confirmation_pin_auth
2025-07-28 06:30:28,ALPHA_SPECIALIST,6339614781,9854,FAILURE,https://secure.booking.com/help/confirmation_pin_auth
2025-07-28 06:30:48,ALPHA_SPECIALIST,6339614781,5072,FAILURE,https://secure.booking.com/help/confirmation_pin_auth
2025-07-28 06:31:09,ALPHA_SPECIALIST,6339614781,5453,FAILURE,https://secure.booking.com/help/confirmation_pin_auth
2025-07-28 06:31:30,ALPHA_SPECIALIST,6339614781,9025,FAILURE,https://secure.booking.com/help/confirmation_pin_auth
2025-07-28 06:31:51,ALPHA_SPECIALIST,6339614781,4319,FAILURE,https://secure.booking.com/help/confirmation_pin_auth
2025-07-28 06:32:11,ALPHA_SPECIALIST,6339614781,7682,FAILURE,https://secure.booking.com/help/confirmation_pin_auth
2025-07-28 06:32:31,ALPHA_SPECIALIST,6339614781,9309,FAILURE,https://secure.booking.com/help/confirmation_pin_auth
2025-07-28 06:32:51,ALPHA_SPECIALIST,6339614781,9265,FAILURE,https://secure.booking.com/help/confirmation_pin_auth
2025-07-28 06:33:12,ALPHA_SPECIALIST,6339614781,4163,FAILURE,https://secure.booking.com/help/confirmation_pin_auth
2025-07-28 06:33:32,ALPHA_SPECIALIST,6339614781,1678,FAILURE,https://secure.booking.com/help/confirmation_pin_auth
2025-07-28 06:33:53,ALPHA_SPECIALIST,6339614781,2275,FAILURE,https://secure.booking.com/help/confirmation_pin_auth
2025-07-28 06:34:20,ALPHA_SPECIALIST,6339614781,4072,FAILURE,https://secure.booking.com/help/confirmation_pin_auth
2025-07-28 06:34:41,ALPHA_SPECIALIST,6339614781,6490,FAILURE,https://secure.booking.com/help/confirmation_pin_auth
2025-07-28 06:35:03,ALPHA_SPECIALIST,6339614781,2108,FAILURE,https://secure.booking.com/help/confirmation_pin_auth
2025-07-28 06:35:24,ALPHA_SPECIALIST,6339614781,1768,FAILURE,https://secure.booking.com/help/confirmation_pin_auth
2025-07-28 06:35:45,ALPHA_SPECIALIST,6339614781,5828,FAILURE,https://secure.booking.com/help/confirmation_pin_auth
2025-07-28 06:36:07,ALPHA_SPECIALIST,6339614781,4816,FAILURE,https://secure.booking.com/help/confirmation_pin_auth
2025-07-28 06:36:28,ALPHA_SPECIALIST,6339614781,6894,FAILURE,https://secure.booking.com/help/confirmation_pin_auth
2025-07-28 06:36:49,ALPHA_SPECIALIST,6339614781,1424,FAILURE,https://secure.booking.com/help/confirmation_pin_auth
2025-07-28 06:37:11,ALPHA_SPECIALIST,6339614781,3660,FAILURE,https://secure.booking.com/help/confirmation_pin_auth
2025-07-28 06:37:32,ALPHA_SPECIALIST,6339614781,9127,FAILURE,https://secure.booking.com/help/confirmation_pin_auth
2025-07-28 06:37:52,ALPHA_SPECIALIST,6339614781,3031,FAILURE,https://secure.booking.com/help/confirmation_pin_auth
2025-07-28 06:38:13,ALPHA_SPECIALIST,6339614781,8884,FAILURE,https://secure.booking.com/help/confirmation_pin_auth
2025-07-28 06:38:33,ALPHA_SPECIALIST,6339614781,7034,FAILURE,https://secure.booking.com/help/confirmation_pin_auth
2025-07-28 06:38:55,ALPHA_SPECIALIST,6339614781,6012,FAILURE,https://secure.booking.com/help/confirmation_pin_auth
2025-07-28 06:39:15,ALPHA_SPECIALIST,6339614781,0342,FAILURE,https://secure.booking.com/help/confirmation_pin_auth
2025-07-28 06:39:36,ALPHA_SPECIALIST,6339614781,8473,FAILURE,https://secure.booking.com/help/confirmation_pin_auth
2025-07-28 06:39:57,ALPHA_SPECIALIST,6339614781,9210,FAILURE,https://secure.booking.com/help/confirmation_pin_auth
2025-07-28 06:40:18,ALPHA_SPECIALIST,6339614781,1601,FAILURE,https://secure.booking.com/help/confirmation_pin_auth
2025-07-28 06:40:39,ALPHA_SPECIALIST,6339614781,7212,FAILURE,https://secure.booking.com/help/confirmation_pin_auth
2025-07-28 06:41:00,ALPHA_SPECIALIST,6339614781,8596,FAILURE,https://secure.booking.com/help/confirmation_pin_auth
2025-07-28 06:41:20,ALPHA_SPECIALIST,6339614781,7295,FAILURE,https://secure.booking.com/help/confirmation_pin_auth
2025-07-28 06:41:41,ALPHA_SPECIALIST,6339614781,9656,FAILURE,https://secure.booking.com/help/confirmation_pin_auth
2025-07-28 07:09:57,ALPHA_SPECIALIST,6339614781,0232,FAILURE,https://secure.booking.com/help/confirmation_pin_auth
2025-07-28 07:10:18,ALPHA_SPECIALIST,6339614781,0252,FAILURE,https://secure.booking.com/help/confirmation_pin_auth
2025-07-28 07:10:40,ALPHA_SPECIALIST,6339614781,0295,FAILURE,https://secure.booking.com/help/confirmation_pin_auth
2025-07-28 07:11:01,ALPHA_SPECIALIST,6339614781,0342,FAILURE,https://secure.booking.com/help/confirmation_pin_auth
2025-07-28 07:11:24,ALPHA_SPECIALIST,6339614781,0395,FAILURE,https://secure.booking.com/help/confirmation_pin_auth
2025-07-28 07:11:46,ALPHA_SPECIALIST,6339614781,0428,FAILURE,https://secure.booking.com/help/confirmation_pin_auth
2025-07-28 07:12:08,ALPHA_SPECIALIST,6339614781,0480,FAILURE,https://secure.booking.com/help/confirmation_pin_auth
2025-07-28 07:12:32,ALPHA_SPECIALIST,6339614781,0562,FAILURE,https://secure.booking.com/help/confirmation_pin_auth
2025-07-28 07:12:55,ALPHA_SPECIALIST,6339614781,0621,FAILURE,https://secure.booking.com/help/confirmation_pin_auth
2025-07-28 07:13:17,ALPHA_SPECIALIST,6339614781,0634,FAILURE,https://secure.booking.com/help/confirmation_pin_auth
2025-07-28 07:13:54,ALPHA_SPECIALIST,6339614781,0729,EXCEPTION,
2025-07-28 07:14:16,ALPHA_SPECIALIST,6339614781,0743,FAILURE,https://secure.booking.com/help/confirmation_pin_auth
2025-07-28 07:14:47,ALPHA_SPECIALIST,6339614781,0918,FAILURE,https://secure.booking.com/help/confirmation_pin_auth
2025-07-28 07:15:12,ALPHA_SPECIALIST,6339614781,0922,FAILURE,https://secure.booking.com/help/confirmation_pin_auth
2025-07-28 07:15:33,ALPHA_SPECIALIST,6339614781,0944,FAILURE,https://secure.booking.com/help/confirmation_pin_auth
2025-07-28 07:15:55,ALPHA_SPECIALIST,6339614781,0977,FAILURE,https://secure.booking.com/help/confirmation_pin_auth
2025-07-28 07:16:17,ALPHA_SPECIALIST,6339614781,1008,FAILURE,https://secure.booking.com/help/confirmation_pin_auth
2025-07-28 07:16:40,ALPHA_SPECIALIST,6339614781,1094,FAILURE,https://secure.booking.com/help/confirmation_pin_auth
2025-07-28 07:17:02,ALPHA_SPECIALIST,6339614781,1123,FAILURE,https://secure.booking.com/help/confirmation_pin_auth
2025-07-28 07:17:22,ALPHA_SPECIALIST,6339614781,1332,FAILURE,https://secure.booking.com/help/confirmation_pin_auth
2025-07-28 07:17:43,ALPHA_SPECIALIST,6339614781,1394,FAILURE,https://secure.booking.com/help/confirmation_pin_auth
2025-07-28 07:18:03,ALPHA_SPECIALIST,6339614781,1411,FAILURE,https://secure.booking.com/help/confirmation_pin_auth
2025-07-28 07:18:24,ALPHA_SPECIALIST,6339614781,1424,FAILURE,https://secure.booking.com/help/confirmation_pin_auth
2025-07-28 07:18:45,ALPHA_SPECIALIST,6339614781,1476,FAILURE,https://secure.booking.com/help/confirmation_pin_auth
2025-07-28 07:19:07,ALPHA_SPECIALIST,6339614781,1517,FAILURE,https://secure.booking.com/help/confirmation_pin_auth
2025-07-28 07:19:28,ALPHA_SPECIALIST,6339614781,1541,FAILURE,https://secure.booking.com/help/confirmation_pin_auth
2025-07-28 07:19:37,ALPHA_SPECIALIST,6339614781,1557,EXCEPTION,
2025-07-28 07:20:13,ALPHA_SPECIALIST,6339614781,1588,FAILURE,https://secure.booking.com/help/confirmation_pin_auth
2025-07-28 07:20:34,ALPHA_SPECIALIST,6339614781,1601,FAILURE,https://secure.booking.com/help/confirmation_pin_auth
2025-07-28 07:20:56,ALPHA_SPECIALIST,6339614781,1678,FAILURE,https://secure.booking.com/help/confirmation_pin_auth
2025-07-28 07:21:16,ALPHA_SPECIALIST,6339614781,1722,FAILURE,https://secure.booking.com/help/confirmation_pin_auth
2025-07-28 07:21:37,ALPHA_SPECIALIST,6339614781,1757,FAILURE,https://secure.booking.com/help/confirmation_pin_auth
2025-07-28 07:21:58,ALPHA_SPECIALIST,6339614781,1768,FAILURE,https://secure.booking.com/help/confirmation_pin_auth
2025-07-28 07:22:19,ALPHA_SPECIALIST,6339614781,1781,FAILURE,https://secure.booking.com/help/confirmation_pin_auth
2025-07-28 07:22:40,ALPHA_SPECIALIST,6339614781,1790,FAILURE,https://secure.booking.com/help/confirmation_pin_auth
2025-07-28 07:23:01,ALPHA_SPECIALIST,6339614781,1807,FAILURE,https://secure.booking.com/help/confirmation_pin_auth
2025-07-28 07:23:22,ALPHA_SPECIALIST,6339614781,1842,FAILURE,https://secure.booking.com/help/confirmation_pin_auth
2025-07-28 07:23:43,ALPHA_SPECIALIST,6339614781,1867,FAILURE,https://secure.booking.com/help/confirmation_pin_auth
2025-07-28 07:24:06,ALPHA_SPECIALIST,6339614781,1881,FAILURE,https://secure.booking.com/help/confirmation_pin_auth
2025-07-28 07:24:26,ALPHA_SPECIALIST,6339614781,2106,FAILURE,https://secure.booking.com/help/confirmation_pin_auth
2025-07-28 07:24:47,ALPHA_SPECIALIST,6339614781,2108,FAILURE,https://secure.booking.com/help/confirmation_pin_auth
2025-07-28 07:25:07,ALPHA_SPECIALIST,6339614781,2144,FAILURE,https://secure.booking.com/help/confirmation_pin_auth
2025-07-28 07:25:29,ALPHA_SPECIALIST,6339614781,2158,FAILURE,https://secure.booking.com/help/confirmation_pin_auth
2025-07-28 07:25:49,ALPHA_SPECIALIST,6339614781,2176,FAILURE,https://secure.booking.com/help/confirmation_pin_auth
2025-07-28 07:26:15,ALPHA_SPECIALIST,6339614781,2275,FAILURE,https://secure.booking.com/help/confirmation_pin_auth
2025-07-28 07:26:36,ALPHA_SPECIALIST,6339614781,2306,FAILURE,https://secure.booking.com/help/confirmation_pin_auth
2025-07-28 07:26:57,ALPHA_SPECIALIST,6339614781,2344,FAILURE,https://secure.booking.com/help/confirmation_pin_auth
2025-07-28 07:27:18,ALPHA_SPECIALIST,6339614781,2383,FAILURE,https://secure.booking.com/help/confirmation_pin_auth
2025-07-28 07:27:40,ALPHA_SPECIALIST,6339614781,2384,FAILURE,https://secure.booking.com/help/confirmation_pin_auth
2025-07-28 07:28:01,ALPHA_SPECIALIST,6339614781,2390,FAILURE,https://secure.booking.com/help/confirmation_pin_auth
2025-07-28 07:28:22,ALPHA_SPECIALIST,6339614781,2465,FAILURE,https://secure.booking.com/help/confirmation_pin_auth
2025-07-28 07:28:44,ALPHA_SPECIALIST,6339614781,2481,FAILURE,https://secure.booking.com/help/confirmation_pin_auth
2025-07-28 07:29:05,ALPHA_SPECIALIST,6339614781,2586,FAILURE,https://secure.booking.com/help/confirmation_pin_auth
2025-07-28 07:29:25,ALPHA_SPECIALIST,6339614781,2634,FAILURE,https://secure.booking.com/help/confirmation_pin_auth
2025-07-28 07:29:46,ALPHA_SPECIALIST,6339614781,2656,FAILURE,https://secure.booking.com/help/confirmation_pin_auth
2025-07-28 07:30:07,ALPHA_SPECIALIST,6339614781,2675,FAILURE,https://secure.booking.com/help/confirmation_pin_auth
2025-07-28 07:30:32,ALPHA_SPECIALIST,6339614781,2748,FAILURE,https://secure.booking.com/help/confirmation_pin_auth
2025-07-28 07:30:54,ALPHA_SPECIALIST,6339614781,2903,FAILURE,https://secure.booking.com/help/confirmation_pin_auth
2025-07-28 07:31:14,ALPHA_SPECIALIST,6339614781,2981,FAILURE,https://secure.booking.com/help/confirmation_pin_auth
2025-07-28 07:31:36,ALPHA_SPECIALIST,6339614781,3018,FAILURE,https://secure.booking.com/help/confirmation_pin_auth
2025-07-28 07:31:56,ALPHA_SPECIALIST,6339614781,3031,FAILURE,https://secure.booking.com/help/confirmation_pin_auth
2025-07-28 07:32:18,ALPHA_SPECIALIST,6339614781,3080,FAILURE,https://secure.booking.com/help/confirmation_pin_auth
2025-07-28 07:32:40,ALPHA_SPECIALIST,6339614781,3156,FAILURE,https://secure.booking.com/help/confirmation_pin_auth
2025-07-28 07:33:01,ALPHA_SPECIALIST,6339614781,3205,FAILURE,https://secure.booking.com/help/confirmation_pin_auth
2025-07-28 07:33:22,ALPHA_SPECIALIST,6339614781,3240,FAILURE,https://secure.booking.com/help/confirmation_pin_auth
2025-07-28 07:33:44,ALPHA_SPECIALIST,6339614781,3255,FAILURE,https://secure.booking.com/help/confirmation_pin_auth
2025-07-28 07:34:06,ALPHA_SPECIALIST,6339614781,3260,FAILURE,https://secure.booking.com/help/confirmation_pin_auth
2025-07-28 07:34:27,ALPHA_SPECIALIST,6339614781,3270,FAILURE,https://secure.booking.com/help/confirmation_pin_auth
2025-07-28 07:34:50,ALPHA_SPECIALIST,6339614781,3377,FAILURE,https://secure.booking.com/help/confirmation_pin_auth
2025-07-28 07:35:12,ALPHA_SPECIALIST,6339614781,3454,FAILURE,https://secure.booking.com/help/confirmation_pin_auth
2025-07-28 07:35:34,ALPHA_SPECIALIST,6339614781,3660,FAILURE,https://secure.booking.com/help/confirmation_pin_auth
2025-07-28 07:35:55,ALPHA_SPECIALIST,6339614781,3724,FAILURE,https://secure.booking.com/help/confirmation_pin_auth
2025-07-28 07:36:15,ALPHA_SPECIALIST,6339614781,3816,FAILURE,https://secure.booking.com/help/confirmation_pin_auth
2025-07-28 07:36:37,ALPHA_SPECIALIST,6339614781,3834,FAILURE,https://secure.booking.com/help/confirmation_pin_auth
2025-07-28 07:36:58,ALPHA_SPECIALIST,6339614781,3921,FAILURE,https://secure.booking.com/help/confirmation_pin_auth
2025-07-28 07:37:19,ALPHA_SPECIALIST,6339614781,3975,FAILURE,https://secure.booking.com/help/confirmation_pin_auth
2025-07-28 07:37:40,ALPHA_SPECIALIST,6339614781,3986,FAILURE,https://secure.booking.com/help/confirmation_pin_auth
2025-07-28 07:38:07,ALPHA_SPECIALIST,6339614781,4039,FAILURE,https://secure.booking.com/help/confirmation_pin_auth
2025-07-28 07:38:29,ALPHA_SPECIALIST,6339614781,4072,FAILURE,https://secure.booking.com/help/confirmation_pin_auth
2025-07-28 07:38:50,ALPHA_SPECIALIST,6339614781,4123,FAILURE,https://secure.booking.com/help/confirmation_pin_auth
2025-07-28 07:39:11,ALPHA_SPECIALIST,6339614781,4163,FAILURE,https://secure.booking.com/help/confirmation_pin_auth
2025-07-28 07:39:32,ALPHA_SPECIALIST,6339614781,4183,FAILURE,https://secure.booking.com/help/confirmation_pin_auth
2025-07-28 07:39:52,ALPHA_SPECIALIST,6339614781,4206,FAILURE,https://secure.booking.com/help/confirmation_pin_auth
2025-07-28 07:40:13,ALPHA_SPECIALIST,6339614781,4319,FAILURE,https://secure.booking.com/help/confirmation_pin_auth
2025-07-28 07:40:50,ALPHA_SPECIALIST,6339614781,4627,EXCEPTION,
2025-07-28 07:41:39,ALPHA_SPECIALIST,6339614781,4701,FAILURE,https://secure.booking.com/help/confirmation_pin_auth
2025-07-28 07:42:00,ALPHA_SPECIALIST,6339614781,4816,FAILURE,https://secure.booking.com/help/confirmation_pin_auth
2025-07-28 07:42:22,ALPHA_SPECIALIST,6339614781,5072,FAILURE,https://secure.booking.com/help/confirmation_pin_auth
2025-07-28 07:42:44,ALPHA_SPECIALIST,6339614781,5167,FAILURE,https://secure.booking.com/help/confirmation_pin_auth
2025-07-28 07:43:21,ALPHA_SPECIALIST,6339614781,5415,FAILURE,https://secure.booking.com/help/confirmation_pin_auth
2025-07-28 07:43:52,ALPHA_SPECIALIST,6339614781,5421,FAILURE,https://secure.booking.com/help/confirmation_pin_auth
2025-07-28 07:44:14,ALPHA_SPECIALIST,6339614781,5453,FAILURE,https://secure.booking.com/help/confirmation_pin_auth
2025-07-28 07:44:36,ALPHA_SPECIALIST,6339614781,5828,FAILURE,https://secure.booking.com/help/confirmation_pin_auth
2025-07-28 07:44:59,ALPHA_SPECIALIST,6339614781,6012,FAILURE,https://secure.booking.com/help/confirmation_pin_auth
2025-07-28 07:45:22,ALPHA_SPECIALIST,6339614781,6101,FAILURE,https://secure.booking.com/help/confirmation_pin_auth
2025-07-28 07:45:43,ALPHA_SPECIALIST,6339614781,6490,FAILURE,https://secure.booking.com/help/confirmation_pin_auth
2025-07-28 07:46:04,ALPHA_SPECIALIST,6339614781,7033,FAILURE,https://secure.booking.com/help/confirmation_pin_auth
2025-07-28 07:46:27,ALPHA_SPECIALIST,6339614781,7034,FAILURE,https://secure.booking.com/help/confirmation_pin_auth
2025-07-28 07:46:49,ALPHA_SPECIALIST,6339614781,7098,FAILURE,https://secure.booking.com/help/confirmation_pin_auth
2025-07-28 07:47:25,ALPHA_SPECIALIST,6339614781,7212,FAILURE,https://secure.booking.com/help/confirmation_pin_auth
2025-07-28 07:47:47,ALPHA_SPECIALIST,6339614781,7295,FAILURE,https://secure.booking.com/help/confirmation_pin_auth
2025-07-28 07:48:09,ALPHA_SPECIALIST,6339614781,8479,FAILURE,https://secure.booking.com/help/confirmation_pin_auth
2025-07-28 07:48:34,ALPHA_SPECIALIST,6339614781,8596,FAILURE,https://secure.booking.com/help/confirmation_pin_auth
2025-07-28 07:48:57,ALPHA_SPECIALIST,6339614781,9025,FAILURE,https://secure.booking.com/help/confirmation_pin_auth
