2025-07-26 17:21:45,ALPHA_HUNTER,5871858498,1565,UNKNOWN,https://secure.booking.com/help/confirmation_pin_auth
2025-07-26 17:22:24,ALPHA_HUNTER,5871858498,2693,UNKNOWN,https://secure.booking.com/help/confirmation_pin_auth
2025-07-26 17:23:05,ALPHA_HUNTER,5871858498,0332,UNKNOWN,https://secure.booking.com/help/confirmation_pin_auth
2025-07-26 17:23:44,ALPHA_HUNTER,5871858498,8731,UNKNOWN,https://secure.booking.com/help/confirmation_pin_auth
2025-07-26 17:24:22,ALPHA_HUNTER,5871858498,7895,UNKNOWN,https://secure.booking.com/help/confirmation_pin_auth
2025-07-26 18:05:46,ALPHA_HUNTER,5830944764,5312,UNKNOWN,https://secure.booking.com/help/confirmation_pin_auth
2025-07-26 18:06:22,ALPHA_HUNTER,5830944764,6656,UNKNOWN,https://secure.booking.com/help/confirmation_pin_auth
2025-07-26 18:06:59,ALPHA_HUNTER,5830944764,1462,UNKNOWN,https://secure.booking.com/help/confirmation_pin_auth
2025-07-26 18:07:35,ALPHA_HUNTER,5830944764,6587,UNKNOWN,https://secure.booking.com/help/confirmation_pin_auth
2025-07-26 18:08:14,ALPHA_HUNTER,5830944764,5542,UNKNOWN,https://secure.booking.com/help/confirmation_pin_auth
2025-07-26 18:15:41,ALPHA_HUNTER,5830944764,0786,UNKNOWN,https://secure.booking.com/help/confirmation_pin_auth
2025-07-26 18:16:20,ALPHA_HUNTER,5830944764,2757,UNKNOWN,https://secure.booking.com/help/confirmation_pin_auth
2025-07-26 18:17:04,ALPHA_HUNTER,5830944764,9562,UNKNOWN,https://secure.booking.com/help/confirmation_pin_auth
2025-07-26 18:17:52,ALPHA_HUNTER,5830944764,0834,UNKNOWN,https://secure.booking.com/help/confirmation_pin_auth
2025-07-26 18:18:37,ALPHA_HUNTER,5830944764,6196,UNKNOWN,https://secure.booking.com/help/confirmation_pin_auth
2025-07-26 21:49:27,ALPHA_HUNTER,5830944764,1659,UNKNOWN,https://secure.booking.com/help/confirmation_pin_auth
2025-07-26 21:50:06,ALPHA_HUNTER,5830944764,2546,UNKNOWN,https://secure.booking.com/help/confirmation_pin_auth
2025-07-26 21:50:56,ALPHA_HUNTER,5830944764,2032,UNKNOWN,https://secure.booking.com/help/confirmation_pin_auth
2025-07-26 21:51:34,ALPHA_HUNTER,5830944764,7072,UNKNOWN,https://secure.booking.com/help/confirmation_pin_auth
2025-07-26 21:52:12,ALPHA_HUNTER,5830944764,8876,UNKNOWN,https://secure.booking.com/help/confirmation_pin_auth
2025-07-26 23:24:16,ALPHA_HUNTER,6160911170,8817,UNKNOWN,https://secure.booking.com/help/confirmation_pin_auth
2025-07-27 04:32:07,ALPHA_HUNTER,5830944764,2064,UNKNOWN,https://secure.booking.com/help/confirmation_pin_auth
2025-07-27 04:32:42,ALPHA_HUNTER,5830944764,6634,UNKNOWN,https://secure.booking.com/help/confirmation_pin_auth
2025-07-27 04:33:17,ALPHA_HUNTER,5830944764,4071,UNKNOWN,https://secure.booking.com/help/confirmation_pin_auth
2025-07-27 04:33:52,ALPHA_HUNTER,5830944764,8866,UNKNOWN,https://secure.booking.com/help/confirmation_pin_auth
2025-07-27 04:34:27,ALPHA_HUNTER,5830944764,5444,UNKNOWN,https://secure.booking.com/help/confirmation_pin_auth
2025-07-27 05:01:16,ALPHA_HUNTER,5727559423,1949,HELP_PAGE,https://secure.booking.com/help/confirmation_pin_auth
2025-07-27 05:02:00,ALPHA_HUNTER,5727559423,0152,FAILURE,https://secure.booking.com/help/confirmation_pin_auth
2025-07-27 05:02:32,ALPHA_HUNTER,5727559423,7275,FAILURE,https://secure.booking.com/help/confirmation_pin_auth
2025-07-27 05:03:09,ALPHA_HUNTER,5727559423,4752,FAILURE,https://secure.booking.com/help/confirmation_pin_auth
2025-07-27 05:03:40,ALPHA_HUNTER,5727559423,4512,FAILURE,https://secure.booking.com/help/confirmation_pin_auth
2025-07-27 08:07:51,ALPHA_HUNTER,6339614781,2466,HELP_PAGE,https://secure.booking.com/help/confirmation_pin_auth
2025-07-27 08:08:28,ALPHA_HUNTER,6339614781,8159,FAILURE,https://secure.booking.com/help/confirmation_pin_auth
2025-07-27 08:08:58,ALPHA_HUNTER,6339614781,7185,FAILURE,https://secure.booking.com/help/confirmation_pin_auth
2025-07-27 08:09:31,ALPHA_HUNTER,6339614781,3476,FAILURE,https://secure.booking.com/help/confirmation_pin_auth
2025-07-27 08:10:02,ALPHA_HUNTER,6339614781,7985,FAILURE,https://secure.booking.com/help/confirmation_pin_auth
2025-07-27 08:15:41,ALPHA_HUNTER,6339614781,2012,HELP_PAGE,https://secure.booking.com/help/confirmation_pin_auth
2025-07-27 08:16:19,ALPHA_HUNTER,6339614781,3579,FAILURE,https://secure.booking.com/help/confirmation_pin_auth
2025-07-27 08:17:01,ALPHA_HUNTER,6339614781,5222,FAILURE,https://secure.booking.com/help/confirmation_pin_auth
2025-07-27 08:17:33,ALPHA_HUNTER,6339614781,7319,FAILURE,https://secure.booking.com/help/confirmation_pin_auth
2025-07-27 08:18:12,ALPHA_HUNTER,6339614781,7270,FAILURE,https://secure.booking.com/help/confirmation_pin_auth
2025-07-27 08:28:10,ALPHA_HUNTER,6339614781,4605,HELP_PAGE,https://secure.booking.com/help/confirmation_pin_auth
2025-07-27 08:28:46,ALPHA_HUNTER,6339614781,9801,FAILURE,https://secure.booking.com/help/confirmation_pin_auth
2025-07-27 08:29:18,ALPHA_HUNTER,6339614781,8556,FAILURE,https://secure.booking.com/help/confirmation_pin_auth
2025-07-27 08:29:50,ALPHA_HUNTER,6339614781,5560,FAILURE,https://secure.booking.com/help/confirmation_pin_auth
2025-07-27 08:30:21,ALPHA_HUNTER,6339614781,2654,FAILURE,https://secure.booking.com/help/confirmation_pin_auth
2025-07-27 08:38:07,ALPHA_HUNTER,6339614781,5553,HELP_PAGE,https://secure.booking.com/help/confirmation_pin_auth
2025-07-27 08:38:43,ALPHA_HUNTER,6339614781,6776,FAILURE,https://secure.booking.com/help/confirmation_pin_auth
2025-07-27 08:39:15,ALPHA_HUNTER,6339614781,5068,FAILURE,https://secure.booking.com/help/confirmation_pin_auth
2025-07-27 08:39:47,ALPHA_HUNTER,6339614781,0627,FAILURE,https://secure.booking.com/help/confirmation_pin_auth
2025-07-27 08:40:24,ALPHA_HUNTER,6339614781,8888,FAILURE,https://secure.booking.com/help/confirmation_pin_auth
2025-07-27 08:51:13,ALPHA_HUNTER,6339614781,4085,HELP_PAGE,https://secure.booking.com/help/confirmation_pin_auth
2025-07-27 08:51:50,ALPHA_HUNTER,6339614781,7188,FAILURE,https://secure.booking.com/help/confirmation_pin_auth
2025-07-27 08:52:21,ALPHA_HUNTER,6339614781,6363,FAILURE,https://secure.booking.com/help/confirmation_pin_auth
2025-07-27 08:52:52,ALPHA_HUNTER,6339614781,5214,FAILURE,https://secure.booking.com/help/confirmation_pin_auth
2025-07-27 08:53:23,ALPHA_HUNTER,6339614781,9529,FAILURE,https://secure.booking.com/help/confirmation_pin_auth
2025-07-27 09:03:23,ALPHA_HUNTER,6339614781,4035,HELP_PAGE,https://secure.booking.com/help/confirmation_pin_auth
2025-07-27 09:04:00,ALPHA_HUNTER,6339614781,0721,FAILURE,https://secure.booking.com/help/confirmation_pin_auth
2025-07-27 09:04:31,ALPHA_HUNTER,6339614781,6880,FAILURE,https://secure.booking.com/help/confirmation_pin_auth
2025-07-27 09:05:02,ALPHA_HUNTER,6339614781,9592,FAILURE,https://secure.booking.com/help/confirmation_pin_auth
2025-07-27 09:05:33,ALPHA_HUNTER,6339614781,8334,FAILURE,https://secure.booking.com/help/confirmation_pin_auth
2025-07-27 09:16:44,ALPHA_HUNTER,6339614781,9436,HELP_PAGE,https://secure.booking.com/help/confirmation_pin_auth
2025-07-27 09:24:19,ALPHA_HUNTER,6339614781,0514,HELP_PAGE,https://secure.booking.com/help/confirmation_pin_auth
2025-07-27 09:25:02,ALPHA_HUNTER,6339614781,0935,FAILURE,https://secure.booking.com/help/confirmation_pin_auth
2025-07-27 09:25:34,ALPHA_HUNTER,6339614781,0553,FAILURE,https://secure.booking.com/help/confirmation_pin_auth
2025-07-27 09:26:05,ALPHA_HUNTER,6339614781,2520,FAILURE,https://secure.booking.com/help/confirmation_pin_auth
2025-07-27 09:26:41,ALPHA_HUNTER,6339614781,9789,FAILURE,https://secure.booking.com/help/confirmation_pin_auth
2025-07-27 09:43:40,ALPHA_HUNTER,6339614781,5399,HELP_PAGE,https://secure.booking.com/help/confirmation_pin_auth
2025-07-27 09:44:16,ALPHA_HUNTER,6339614781,4983,FAILURE,https://secure.booking.com/help/confirmation_pin_auth
2025-07-27 09:44:51,ALPHA_HUNTER,6339614781,0061,FAILURE,https://secure.booking.com/help/confirmation_pin_auth
2025-07-27 09:45:28,ALPHA_HUNTER,6339614781,1138,FAILURE,https://secure.booking.com/help/confirmation_pin_auth
2025-07-27 09:46:02,ALPHA_HUNTER,6339614781,0251,FAILURE,https://secure.booking.com/help/confirmation_pin_auth
2025-07-27 09:56:42,ALPHA_HUNTER,6339614781,3658,HELP_PAGE,https://secure.booking.com/help/confirmation_pin_auth
2025-07-27 09:57:19,ALPHA_HUNTER,6339614781,2080,FAILURE,https://secure.booking.com/help/confirmation_pin_auth
2025-07-27 09:57:53,ALPHA_HUNTER,6339614781,3925,FAILURE,https://secure.booking.com/help/confirmation_pin_auth
2025-07-27 09:58:40,ALPHA_HUNTER,6339614781,9135,FAILURE,https://secure.booking.com/help/confirmation_pin_auth
2025-07-27 09:59:16,ALPHA_HUNTER,6339614781,1404,FAILURE,https://secure.booking.com/help/confirmation_pin_auth
2025-07-27 10:12:05,ALPHA_HUNTER,6339614781,8011,HELP_PAGE,https://secure.booking.com/help/confirmation_pin_auth
2025-07-27 10:12:41,ALPHA_HUNTER,6339614781,1855,FAILURE,https://secure.booking.com/help/confirmation_pin_auth
2025-07-27 10:13:12,ALPHA_HUNTER,6339614781,5699,FAILURE,https://secure.booking.com/help/confirmation_pin_auth
2025-07-27 10:13:43,ALPHA_HUNTER,6339614781,5676,FAILURE,https://secure.booking.com/help/confirmation_pin_auth
2025-07-27 10:14:16,ALPHA_HUNTER,6339614781,5500,FAILURE,https://secure.booking.com/help/confirmation_pin_auth
2025-07-27 10:25:38,ALPHA_HUNTER,6339614781,3373,HELP_PAGE,https://secure.booking.com/help/confirmation_pin_auth
2025-07-27 10:26:17,ALPHA_HUNTER,6339614781,9124,FAILURE,https://secure.booking.com/help/confirmation_pin_auth
2025-07-27 10:26:51,ALPHA_HUNTER,6339614781,7980,FAILURE,https://secure.booking.com/help/confirmation_pin_auth
2025-07-27 10:27:25,ALPHA_HUNTER,6339614781,0687,FAILURE,https://secure.booking.com/help/confirmation_pin_auth
2025-07-27 10:28:11,ALPHA_HUNTER,6339614781,1028,FAILURE,https://secure.booking.com/help/confirmation_pin_auth
2025-07-27 10:38:39,ALPHA_HUNTER,6339614781,8640,HELP_PAGE,https://secure.booking.com/help/confirmation_pin_auth
2025-07-27 10:39:17,ALPHA_HUNTER,6339614781,9484,FAILURE,https://secure.booking.com/help/confirmation_pin_auth
2025-07-27 10:39:49,ALPHA_HUNTER,6339614781,8120,FAILURE,https://secure.booking.com/help/confirmation_pin_auth
2025-07-27 10:40:25,ALPHA_HUNTER,6339614781,4283,FAILURE,https://secure.booking.com/help/confirmation_pin_auth
2025-07-27 10:41:03,ALPHA_HUNTER,6339614781,4899,FAILURE,https://secure.booking.com/help/confirmation_pin_auth
2025-07-27 10:51:10,ALPHA_HUNTER,6339614781,0737,HELP_PAGE,https://secure.booking.com/help/confirmation_pin_auth
2025-07-27 10:51:47,ALPHA_HUNTER,6339614781,1009,FAILURE,https://secure.booking.com/help/confirmation_pin_auth
2025-07-27 10:52:17,ALPHA_HUNTER,6339614781,3171,FAILURE,https://secure.booking.com/help/confirmation_pin_auth
2025-07-27 10:52:49,ALPHA_HUNTER,6339614781,5627,FAILURE,https://secure.booking.com/help/confirmation_pin_auth
2025-07-27 10:53:21,ALPHA_HUNTER,6339614781,0952,FAILURE,https://secure.booking.com/help/confirmation_pin_auth
2025-07-27 11:04:04,ALPHA_HUNTER,6339614781,4044,HELP_PAGE,https://secure.booking.com/help/confirmation_pin_auth
2025-07-27 11:04:43,ALPHA_HUNTER,6339614781,8190,FAILURE,https://secure.booking.com/help/confirmation_pin_auth
2025-07-27 11:05:19,ALPHA_HUNTER,6339614781,0723,FAILURE,https://secure.booking.com/help/confirmation_pin_auth
2025-07-27 11:05:55,ALPHA_HUNTER,6339614781,4953,FAILURE,https://secure.booking.com/help/confirmation_pin_auth
2025-07-27 11:06:28,ALPHA_HUNTER,6339614781,3952,FAILURE,https://secure.booking.com/help/confirmation_pin_auth
2025-07-27 11:14:52,ALPHA_HUNTER,6339614781,0540,HELP_PAGE,https://secure.booking.com/help/confirmation_pin_auth
2025-07-27 11:17:52,ALPHA_HUNTER,6339614781,2720,HELP_PAGE,https://secure.booking.com/help/confirmation_pin_auth
2025-07-27 11:18:33,ALPHA_HUNTER,6339614781,4134,FAILURE,https://secure.booking.com/help/confirmation_pin_auth
2025-07-27 11:19:07,ALPHA_HUNTER,6339614781,8692,FAILURE,https://secure.booking.com/help/confirmation_pin_auth
2025-07-27 11:19:39,ALPHA_HUNTER,6339614781,2445,FAILURE,https://secure.booking.com/help/confirmation_pin_auth
2025-07-27 11:20:12,ALPHA_HUNTER,6339614781,4108,FAILURE,https://secure.booking.com/help/confirmation_pin_auth
2025-07-27 11:29:22,ALPHA_HUNTER,6339614781,5099,HELP_PAGE,https://secure.booking.com/help/confirmation_pin_auth
2025-07-27 11:29:59,ALPHA_HUNTER,6339614781,2816,FAILURE,https://secure.booking.com/help/confirmation_pin_auth
2025-07-27 11:30:31,ALPHA_HUNTER,6339614781,7868,FAILURE,https://secure.booking.com/help/confirmation_pin_auth
2025-07-27 11:31:03,ALPHA_HUNTER,6339614781,4226,FAILURE,https://secure.booking.com/help/confirmation_pin_auth
2025-07-27 11:31:35,ALPHA_HUNTER,6339614781,8754,FAILURE,https://secure.booking.com/help/confirmation_pin_auth
2025-07-27 11:41:13,ALPHA_HUNTER,6339614781,9695,HELP_PAGE,https://secure.booking.com/help/confirmation_pin_auth
2025-07-27 11:41:50,ALPHA_HUNTER,6339614781,4362,FAILURE,https://secure.booking.com/help/confirmation_pin_auth
2025-07-27 11:42:21,ALPHA_HUNTER,6339614781,1346,FAILURE,https://secure.booking.com/help/confirmation_pin_auth
2025-07-27 11:42:52,ALPHA_HUNTER,6339614781,9809,FAILURE,https://secure.booking.com/help/confirmation_pin_auth
2025-07-27 11:43:23,ALPHA_HUNTER,6339614781,4244,FAILURE,https://secure.booking.com/help/confirmation_pin_auth
2025-07-27 12:03:08,ALPHA_HUNTER,6339614781,8765,HELP_PAGE,https://secure.booking.com/help/confirmation_pin_auth
2025-07-27 12:03:43,ALPHA_HUNTER,6339614781,1206,FAILURE,https://secure.booking.com/help/confirmation_pin_auth
2025-07-27 12:04:12,ALPHA_HUNTER,6339614781,6047,FAILURE,https://secure.booking.com/help/confirmation_pin_auth
2025-07-27 12:04:43,ALPHA_HUNTER,6339614781,4003,FAILURE,https://secure.booking.com/help/confirmation_pin_auth
2025-07-27 12:05:13,ALPHA_HUNTER,6339614781,5610,FAILURE,https://secure.booking.com/help/confirmation_pin_auth
2025-07-27 12:12:32,ALPHA_HUNTER,6339614781,5829,HELP_PAGE,https://secure.booking.com/help/confirmation_pin_auth
2025-07-27 12:13:10,ALPHA_HUNTER,6339614781,0055,FAILURE,https://secure.booking.com/help/confirmation_pin_auth
2025-07-27 12:13:50,ALPHA_HUNTER,6339614781,7681,FAILURE,https://secure.booking.com/help/confirmation_pin_auth
2025-07-27 12:14:20,ALPHA_HUNTER,6339614781,0123,FAILURE,https://secure.booking.com/help/confirmation_pin_auth
2025-07-27 12:14:51,ALPHA_HUNTER,6339614781,5419,FAILURE,https://secure.booking.com/help/confirmation_pin_auth
2025-07-27 12:24:47,ALPHA_HUNTER,6339614781,9954,HELP_PAGE,https://secure.booking.com/help/confirmation_pin_auth
2025-07-27 12:25:24,ALPHA_HUNTER,6339614781,2352,FAILURE,https://secure.booking.com/help/confirmation_pin_auth
2025-07-27 12:26:02,ALPHA_HUNTER,6339614781,6821,FAILURE,https://secure.booking.com/help/confirmation_pin_auth
2025-07-27 12:26:34,ALPHA_HUNTER,6339614781,1091,FAILURE,https://secure.booking.com/help/confirmation_pin_auth
2025-07-27 12:27:17,ALPHA_HUNTER,6339614781,3009,FAILURE,https://secure.booking.com/help/confirmation_pin_auth
2025-07-27 12:37:11,ALPHA_HUNTER,6339614781,6866,HELP_PAGE,https://secure.booking.com/help/confirmation_pin_auth
2025-07-27 12:37:54,ALPHA_HUNTER,6339614781,0648,FAILURE,https://secure.booking.com/help/confirmation_pin_auth
2025-07-27 12:38:37,ALPHA_HUNTER,6339614781,7405,FAILURE,https://secure.booking.com/help/confirmation_pin_auth
2025-07-27 12:39:17,ALPHA_HUNTER,6339614781,0603,FAILURE,https://secure.booking.com/help/confirmation_pin_auth
2025-07-27 12:39:57,ALPHA_HUNTER,6339614781,7924,FAILURE,https://secure.booking.com/help/confirmation_pin_auth
2025-07-27 12:49:53,ALPHA_HUNTER,6339614781,8497,HELP_PAGE,https://secure.booking.com/help/confirmation_pin_auth
2025-07-27 12:50:28,ALPHA_HUNTER,6339614781,7851,FAILURE,https://secure.booking.com/help/confirmation_pin_auth
2025-07-27 12:50:58,ALPHA_HUNTER,6339614781,3742,FAILURE,https://secure.booking.com/help/confirmation_pin_auth
2025-07-27 12:51:28,ALPHA_HUNTER,6339614781,4487,FAILURE,https://secure.booking.com/help/confirmation_pin_auth
2025-07-27 12:51:58,ALPHA_HUNTER,6339614781,2936,FAILURE,https://secure.booking.com/help/confirmation_pin_auth
2025-07-27 13:01:51,ALPHA_HUNTER,6339614781,2786,HELP_PAGE,https://secure.booking.com/help/confirmation_pin_auth
2025-07-27 13:02:28,ALPHA_HUNTER,6339614781,1805,FAILURE,https://secure.booking.com/help/confirmation_pin_auth
2025-07-27 13:02:58,ALPHA_HUNTER,6339614781,7499,FAILURE,https://secure.booking.com/help/confirmation_pin_auth
2025-07-27 13:03:29,ALPHA_HUNTER,6339614781,1756,FAILURE,https://secure.booking.com/help/confirmation_pin_auth
2025-07-27 13:03:59,ALPHA_HUNTER,6339614781,1682,FAILURE,https://secure.booking.com/help/confirmation_pin_auth
2025-07-27 13:13:42,ALPHA_HUNTER,6339614781,7586,HELP_PAGE,https://secure.booking.com/help/confirmation_pin_auth
2025-07-27 13:14:18,ALPHA_HUNTER,6339614781,1072,FAILURE,https://secure.booking.com/help/confirmation_pin_auth
2025-07-27 13:14:49,ALPHA_HUNTER,6339614781,1968,FAILURE,https://secure.booking.com/help/confirmation_pin_auth
2025-07-27 13:15:20,ALPHA_HUNTER,6339614781,8219,FAILURE,https://secure.booking.com/help/confirmation_pin_auth
2025-07-27 13:15:50,ALPHA_HUNTER,6339614781,0382,FAILURE,https://secure.booking.com/help/confirmation_pin_auth
2025-07-27 13:23:24,ALPHA_HUNTER,6339614781,8032,HELP_PAGE,https://secure.booking.com/help/confirmation_pin_auth
2025-07-27 13:24:01,ALPHA_HUNTER,6339614781,3461,FAILURE,https://secure.booking.com/help/confirmation_pin_auth
2025-07-27 13:24:33,ALPHA_HUNTER,6339614781,8744,FAILURE,https://secure.booking.com/help/confirmation_pin_auth
2025-07-27 13:25:04,ALPHA_HUNTER,6339614781,6798,FAILURE,https://secure.booking.com/help/confirmation_pin_auth
2025-07-27 13:25:37,ALPHA_HUNTER,6339614781,9068,FAILURE,https://secure.booking.com/help/confirmation_pin_auth
2025-07-27 13:35:25,ALPHA_HUNTER,6339614781,0123,HELP_PAGE,https://secure.booking.com/help/confirmation_pin_auth
2025-07-27 13:36:01,ALPHA_HUNTER,6339614781,1736,FAILURE,https://secure.booking.com/help/confirmation_pin_auth
2025-07-27 13:36:34,ALPHA_HUNTER,6339614781,4207,FAILURE,https://secure.booking.com/help/confirmation_pin_auth
2025-07-27 13:37:05,ALPHA_HUNTER,6339614781,9686,FAILURE,https://secure.booking.com/help/confirmation_pin_auth
2025-07-27 13:48:30,ALPHA_HUNTER,6339614781,2132,HELP_PAGE,https://secure.booking.com/help/confirmation_pin_auth
2025-07-27 13:49:07,ALPHA_HUNTER,6339614781,0495,FAILURE,https://secure.booking.com/help/confirmation_pin_auth
2025-07-27 13:49:39,ALPHA_HUNTER,6339614781,6609,FAILURE,https://secure.booking.com/help/confirmation_pin_auth
2025-07-27 13:50:13,ALPHA_HUNTER,6339614781,1070,FAILURE,https://secure.booking.com/help/confirmation_pin_auth
2025-07-27 13:50:46,ALPHA_HUNTER,6339614781,6655,FAILURE,https://secure.booking.com/help/confirmation_pin_auth
2025-07-27 13:59:03,ALPHA_HUNTER,6339614781,2590,HELP_PAGE,https://secure.booking.com/help/confirmation_pin_auth
2025-07-27 13:59:43,ALPHA_HUNTER,6339614781,3103,FAILURE,https://secure.booking.com/help/confirmation_pin_auth
2025-07-27 14:00:15,ALPHA_HUNTER,6339614781,8728,FAILURE,https://secure.booking.com/help/confirmation_pin_auth
2025-07-27 14:00:47,ALPHA_HUNTER,6339614781,6191,FAILURE,https://secure.booking.com/help/confirmation_pin_auth
2025-07-27 14:01:18,ALPHA_HUNTER,6339614781,2492,FAILURE,https://secure.booking.com/help/confirmation_pin_auth
2025-07-27 14:12:03,ALPHA_HUNTER,6339614781,5895,HELP_PAGE,https://secure.booking.com/help/confirmation_pin_auth
2025-07-27 14:12:39,ALPHA_HUNTER,6339614781,5797,FAILURE,https://secure.booking.com/help/confirmation_pin_auth
2025-07-27 14:13:10,ALPHA_HUNTER,6339614781,6427,FAILURE,https://secure.booking.com/help/confirmation_pin_auth
2025-07-27 14:13:41,ALPHA_HUNTER,6339614781,5506,FAILURE,https://secure.booking.com/help/confirmation_pin_auth
2025-07-27 14:14:12,ALPHA_HUNTER,6339614781,8444,FAILURE,https://secure.booking.com/help/confirmation_pin_auth
2025-07-27 14:23:40,ALPHA_HUNTER,6339614781,3015,HELP_PAGE,https://secure.booking.com/help/confirmation_pin_auth
2025-07-27 14:24:24,ALPHA_HUNTER,6339614781,4156,FAILURE,https://secure.booking.com/help/confirmation_pin_auth
2025-07-27 14:24:54,ALPHA_HUNTER,6339614781,4378,FAILURE,https://secure.booking.com/help/confirmation_pin_auth
2025-07-27 14:25:24,ALPHA_HUNTER,6339614781,7690,FAILURE,https://secure.booking.com/help/confirmation_pin_auth
2025-07-27 14:25:55,ALPHA_HUNTER,6339614781,8057,FAILURE,https://secure.booking.com/help/confirmation_pin_auth
2025-07-27 14:35:51,ALPHA_HUNTER,6339614781,2432,HELP_PAGE,https://secure.booking.com/help/confirmation_pin_auth
2025-07-27 14:36:27,ALPHA_HUNTER,6339614781,0436,FAILURE,https://secure.booking.com/help/confirmation_pin_auth
2025-07-27 14:37:01,ALPHA_HUNTER,6339614781,6713,FAILURE,https://secure.booking.com/help/confirmation_pin_auth
2025-07-27 14:37:33,ALPHA_HUNTER,6339614781,7150,FAILURE,https://secure.booking.com/help/confirmation_pin_auth
2025-07-27 14:38:06,ALPHA_HUNTER,6339614781,1705,FAILURE,https://secure.booking.com/help/confirmation_pin_auth
2025-07-27 14:48:00,ALPHA_HUNTER,6339614781,4628,HELP_PAGE,https://secure.booking.com/help/confirmation_pin_auth
2025-07-27 14:48:36,ALPHA_HUNTER,6339614781,0255,FAILURE,https://secure.booking.com/help/confirmation_pin_auth
2025-07-27 14:49:07,ALPHA_HUNTER,6339614781,8287,FAILURE,https://secure.booking.com/help/confirmation_pin_auth
2025-07-27 14:49:38,ALPHA_HUNTER,6339614781,6428,FAILURE,https://secure.booking.com/help/confirmation_pin_auth
2025-07-27 14:50:09,ALPHA_HUNTER,6339614781,9960,FAILURE,https://secure.booking.com/help/confirmation_pin_auth
2025-07-27 15:00:05,ALPHA_HUNTER,6339614781,6238,HELP_PAGE,https://secure.booking.com/help/confirmation_pin_auth
2025-07-27 15:00:41,ALPHA_HUNTER,6339614781,8744,FAILURE,https://secure.booking.com/help/confirmation_pin_auth
2025-07-27 15:01:12,ALPHA_HUNTER,6339614781,1278,FAILURE,https://secure.booking.com/help/confirmation_pin_auth
2025-07-27 15:01:42,ALPHA_HUNTER,6339614781,7475,FAILURE,https://secure.booking.com/help/confirmation_pin_auth
2025-07-27 15:02:12,ALPHA_HUNTER,6339614781,2980,FAILURE,https://secure.booking.com/help/confirmation_pin_auth
2025-07-27 15:12:23,ALPHA_HUNTER,6339614781,7157,HELP_PAGE,https://secure.booking.com/help/confirmation_pin_auth
2025-07-27 15:12:58,ALPHA_HUNTER,6339614781,7279,FAILURE,https://secure.booking.com/help/confirmation_pin_auth
2025-07-27 15:13:29,ALPHA_HUNTER,6339614781,6602,FAILURE,https://secure.booking.com/help/confirmation_pin_auth
2025-07-27 15:14:01,ALPHA_HUNTER,6339614781,1491,FAILURE,https://secure.booking.com/help/confirmation_pin_auth
2025-07-27 15:14:32,ALPHA_HUNTER,6339614781,0187,FAILURE,https://secure.booking.com/help/confirmation_pin_auth
2025-07-27 15:24:34,ALPHA_HUNTER,6339614781,8093,HELP_PAGE,https://secure.booking.com/help/confirmation_pin_auth
2025-07-27 15:25:10,ALPHA_HUNTER,6339614781,4795,FAILURE,https://secure.booking.com/help/confirmation_pin_auth
2025-07-27 15:25:41,ALPHA_HUNTER,6339614781,6678,FAILURE,https://secure.booking.com/help/confirmation_pin_auth
2025-07-27 15:26:12,ALPHA_HUNTER,6339614781,4465,FAILURE,https://secure.booking.com/help/confirmation_pin_auth
2025-07-27 15:26:42,ALPHA_HUNTER,6339614781,9312,FAILURE,https://secure.booking.com/help/confirmation_pin_auth
2025-07-27 15:34:17,ALPHA_HUNTER,6339614781,2695,HELP_PAGE,https://secure.booking.com/help/confirmation_pin_auth
2025-07-27 15:43:31,ALPHA_HUNTER,6339614781,4755,HELP_PAGE,https://secure.booking.com/help/confirmation_pin_auth
2025-07-27 15:44:07,ALPHA_HUNTER,6339614781,7666,FAILURE,https://secure.booking.com/help/confirmation_pin_auth
2025-07-27 15:44:41,ALPHA_HUNTER,6339614781,8953,FAILURE,https://secure.booking.com/help/confirmation_pin_auth
2025-07-27 15:45:15,ALPHA_HUNTER,6339614781,6511,FAILURE,https://secure.booking.com/help/confirmation_pin_auth
2025-07-27 15:45:46,ALPHA_HUNTER,6339614781,3666,FAILURE,https://secure.booking.com/help/confirmation_pin_auth
2025-07-27 15:56:13,ALPHA_HUNTER,6339614781,5981,HELP_PAGE,https://secure.booking.com/help/confirmation_pin_auth
2025-07-27 15:56:52,ALPHA_HUNTER,6339614781,0881,FAILURE,https://secure.booking.com/help/confirmation_pin_auth
2025-07-27 15:57:24,ALPHA_HUNTER,6339614781,1751,FAILURE,https://secure.booking.com/help/confirmation_pin_auth
2025-07-27 15:58:04,ALPHA_HUNTER,6339614781,1620,FAILURE,https://secure.booking.com/help/confirmation_pin_auth
2025-07-27 15:58:38,ALPHA_HUNTER,6339614781,2001,FAILURE,https://secure.booking.com/help/confirmation_pin_auth
2025-07-27 16:06:56,ALPHA_HUNTER,6339614781,4028,HELP_PAGE,https://secure.booking.com/help/confirmation_pin_auth
2025-07-27 16:07:32,ALPHA_HUNTER,6339614781,8106,FAILURE,https://secure.booking.com/help/confirmation_pin_auth
2025-07-27 16:08:02,ALPHA_HUNTER,6339614781,9548,FAILURE,https://secure.booking.com/help/confirmation_pin_auth
2025-07-27 16:08:32,ALPHA_HUNTER,6339614781,8993,FAILURE,https://secure.booking.com/help/confirmation_pin_auth
2025-07-27 16:09:02,ALPHA_HUNTER,6339614781,6111,FAILURE,https://secure.booking.com/help/confirmation_pin_auth
2025-07-27 16:18:39,ALPHA_HUNTER,6339614781,1246,HELP_PAGE,https://secure.booking.com/help/confirmation_pin_auth
2025-07-27 16:19:14,ALPHA_HUNTER,6339614781,7207,FAILURE,https://secure.booking.com/help/confirmation_pin_auth
2025-07-27 16:19:45,ALPHA_HUNTER,6339614781,7035,FAILURE,https://secure.booking.com/help/confirmation_pin_auth
2025-07-27 16:20:15,ALPHA_HUNTER,6339614781,2934,FAILURE,https://secure.booking.com/help/confirmation_pin_auth
2025-07-27 16:20:46,ALPHA_HUNTER,6339614781,5757,FAILURE,https://secure.booking.com/help/confirmation_pin_auth
2025-07-27 16:30:29,ALPHA_HUNTER,6339614781,9724,HELP_PAGE,https://secure.booking.com/help/confirmation_pin_auth
2025-07-27 16:31:04,ALPHA_HUNTER,6339614781,6251,FAILURE,https://secure.booking.com/help/confirmation_pin_auth
2025-07-27 16:31:35,ALPHA_HUNTER,6339614781,1098,FAILURE,https://secure.booking.com/help/confirmation_pin_auth
2025-07-27 16:32:05,ALPHA_HUNTER,6339614781,9870,FAILURE,https://secure.booking.com/help/confirmation_pin_auth
2025-07-27 16:32:36,ALPHA_HUNTER,6339614781,3727,FAILURE,https://secure.booking.com/help/confirmation_pin_auth
2025-07-27 16:42:27,ALPHA_HUNTER,6339614781,2671,HELP_PAGE,https://secure.booking.com/help/confirmation_pin_auth
2025-07-27 16:43:04,ALPHA_HUNTER,6339614781,2745,FAILURE,https://secure.booking.com/help/confirmation_pin_auth
2025-07-27 16:43:37,ALPHA_HUNTER,6339614781,1574,FAILURE,https://secure.booking.com/help/confirmation_pin_auth
2025-07-27 16:44:07,ALPHA_HUNTER,6339614781,4204,FAILURE,https://secure.booking.com/help/confirmation_pin_auth
2025-07-27 16:44:37,ALPHA_HUNTER,6339614781,8322,FAILURE,https://secure.booking.com/help/confirmation_pin_auth
2025-07-27 16:54:57,ALPHA_HUNTER,6339614781,6338,HELP_PAGE,https://secure.booking.com/help/confirmation_pin_auth
2025-07-27 16:55:33,ALPHA_HUNTER,6339614781,8130,FAILURE,https://secure.booking.com/help/confirmation_pin_auth
2025-07-27 16:56:04,ALPHA_HUNTER,6339614781,1936,FAILURE,https://secure.booking.com/help/confirmation_pin_auth
2025-07-27 16:56:36,ALPHA_HUNTER,6339614781,9343,FAILURE,https://secure.booking.com/help/confirmation_pin_auth
2025-07-27 16:57:07,ALPHA_HUNTER,6339614781,3116,FAILURE,https://secure.booking.com/help/confirmation_pin_auth
2025-07-27 17:06:54,ALPHA_HUNTER,6339614781,8840,HELP_PAGE,https://secure.booking.com/help/confirmation_pin_auth
2025-07-27 17:07:48,ALPHA_HUNTER,6339614781,7372,FAILURE,https://secure.booking.com/help/confirmation_pin_auth
2025-07-27 17:08:36,ALPHA_HUNTER,6339614781,6608,FAILURE,https://secure.booking.com/help/confirmation_pin_auth
2025-07-27 17:09:15,ALPHA_HUNTER,6339614781,1348,FAILURE,https://secure.booking.com/help/confirmation_pin_auth
2025-07-27 17:09:55,ALPHA_HUNTER,6339614781,9744,FAILURE,https://secure.booking.com/help/confirmation_pin_auth
2025-07-27 17:19:35,ALPHA_HUNTER,6339614781,6650,HELP_PAGE,https://secure.booking.com/help/confirmation_pin_auth
2025-07-27 17:20:10,ALPHA_HUNTER,6339614781,2614,FAILURE,https://secure.booking.com/help/confirmation_pin_auth
2025-07-27 17:20:41,ALPHA_HUNTER,6339614781,5210,FAILURE,https://secure.booking.com/help/confirmation_pin_auth
2025-07-27 17:21:12,ALPHA_HUNTER,6339614781,4288,FAILURE,https://secure.booking.com/help/confirmation_pin_auth
2025-07-27 17:21:43,ALPHA_HUNTER,6339614781,1146,FAILURE,https://secure.booking.com/help/confirmation_pin_auth
2025-07-27 17:31:55,ALPHA_HUNTER,6339614781,0777,HELP_PAGE,https://secure.booking.com/help/confirmation_pin_auth
2025-07-27 17:32:32,ALPHA_HUNTER,6339614781,8336,FAILURE,https://secure.booking.com/help/confirmation_pin_auth
2025-07-27 17:33:02,ALPHA_HUNTER,6339614781,1860,FAILURE,https://secure.booking.com/help/confirmation_pin_auth
2025-07-27 17:33:33,ALPHA_HUNTER,6339614781,5987,FAILURE,https://secure.booking.com/help/confirmation_pin_auth
2025-07-27 17:34:15,ALPHA_HUNTER,6339614781,3196,FAILURE,https://secure.booking.com/help/confirmation_pin_auth
2025-07-27 17:44:37,ALPHA_HUNTER,6339614781,2120,HELP_PAGE,https://secure.booking.com/help/confirmation_pin_auth
2025-07-27 17:45:14,ALPHA_HUNTER,6339614781,2121,FAILURE,https://secure.booking.com/help/confirmation_pin_auth
2025-07-27 17:45:47,ALPHA_HUNTER,6339614781,3021,FAILURE,https://secure.booking.com/help/confirmation_pin_auth
2025-07-27 17:46:18,ALPHA_HUNTER,6339614781,7423,FAILURE,https://secure.booking.com/help/confirmation_pin_auth
2025-07-27 17:46:49,ALPHA_HUNTER,6339614781,9559,FAILURE,https://secure.booking.com/help/confirmation_pin_auth
2025-07-27 17:54:33,ALPHA_HUNTER,6339614781,2836,HELP_PAGE,https://secure.booking.com/help/confirmation_pin_auth
2025-07-27 17:55:08,ALPHA_HUNTER,6339614781,4640,FAILURE,https://secure.booking.com/help/confirmation_pin_auth
2025-07-27 17:55:38,ALPHA_HUNTER,6339614781,1558,FAILURE,https://secure.booking.com/help/confirmation_pin_auth
2025-07-27 17:56:09,ALPHA_HUNTER,6339614781,6464,FAILURE,https://secure.booking.com/help/confirmation_pin_auth
2025-07-27 17:56:39,ALPHA_HUNTER,6339614781,9844,FAILURE,https://secure.booking.com/help/confirmation_pin_auth
2025-07-27 18:06:27,ALPHA_HUNTER,6339614781,7736,HELP_PAGE,https://secure.booking.com/help/confirmation_pin_auth
2025-07-27 18:07:05,ALPHA_HUNTER,6339614781,8022,FAILURE,https://secure.booking.com/help/confirmation_pin_auth
2025-07-27 18:07:36,ALPHA_HUNTER,6339614781,7617,FAILURE,https://secure.booking.com/help/confirmation_pin_auth
2025-07-27 18:08:07,ALPHA_HUNTER,6339614781,1134,FAILURE,https://secure.booking.com/help/confirmation_pin_auth
2025-07-27 18:08:38,ALPHA_HUNTER,6339614781,0949,FAILURE,https://secure.booking.com/help/confirmation_pin_auth
2025-07-27 18:18:48,ALPHA_HUNTER,6339614781,5945,HELP_PAGE,https://secure.booking.com/help/confirmation_pin_auth
2025-07-27 18:19:24,ALPHA_HUNTER,6339614781,0802,FAILURE,https://secure.booking.com/help/confirmation_pin_auth
2025-07-27 18:19:53,ALPHA_HUNTER,6339614781,6664,FAILURE,https://secure.booking.com/help/confirmation_pin_auth
2025-07-27 18:20:23,ALPHA_HUNTER,6339614781,3958,FAILURE,https://secure.booking.com/help/confirmation_pin_auth
2025-07-27 18:20:53,ALPHA_HUNTER,6339614781,7048,FAILURE,https://secure.booking.com/help/confirmation_pin_auth
2025-07-27 18:29:20,ALPHA_HUNTER,6339614781,3172,HELP_PAGE,https://secure.booking.com/help/confirmation_pin_auth
2025-07-27 18:29:56,ALPHA_HUNTER,6339614781,2503,FAILURE,https://secure.booking.com/help/confirmation_pin_auth
2025-07-27 18:30:27,ALPHA_HUNTER,6339614781,6158,FAILURE,https://secure.booking.com/help/confirmation_pin_auth
2025-07-27 18:31:11,ALPHA_HUNTER,6339614781,7245,FAILURE,https://secure.booking.com/help/confirmation_pin_auth
2025-07-27 18:31:42,ALPHA_HUNTER,6339614781,8494,FAILURE,https://secure.booking.com/help/confirmation_pin_auth
2025-07-27 18:41:34,ALPHA_HUNTER,6339614781,1557,HELP_PAGE,https://secure.booking.com/help/confirmation_pin_auth
2025-07-27 18:42:13,ALPHA_HUNTER,6339614781,9960,FAILURE,https://secure.booking.com/help/confirmation_pin_auth
2025-07-27 18:42:45,ALPHA_HUNTER,6339614781,2160,FAILURE,https://secure.booking.com/help/confirmation_pin_auth
2025-07-27 18:43:17,ALPHA_HUNTER,6339614781,9012,FAILURE,https://secure.booking.com/help/confirmation_pin_auth
2025-07-27 18:43:51,ALPHA_HUNTER,6339614781,3727,FAILURE,https://secure.booking.com/help/confirmation_pin_auth
2025-07-27 18:54:00,ALPHA_HUNTER,6339614781,6227,HELP_PAGE,https://secure.booking.com/help/confirmation_pin_auth
2025-07-27 18:54:41,ALPHA_HUNTER,6339614781,1836,FAILURE,https://secure.booking.com/help/confirmation_pin_auth
2025-07-27 18:55:16,ALPHA_HUNTER,6339614781,5865,FAILURE,https://secure.booking.com/help/confirmation_pin_auth
2025-07-27 18:55:52,ALPHA_HUNTER,6339614781,6299,FAILURE,https://secure.booking.com/help/confirmation_pin_auth
2025-07-27 18:56:25,ALPHA_HUNTER,6339614781,6698,FAILURE,https://secure.booking.com/help/confirmation_pin_auth
2025-07-27 19:06:02,ALPHA_HUNTER,6339614781,8459,HELP_PAGE,https://secure.booking.com/help/confirmation_pin_auth
2025-07-27 19:06:37,ALPHA_HUNTER,6339614781,7214,FAILURE,https://secure.booking.com/help/confirmation_pin_auth
2025-07-27 19:07:07,ALPHA_HUNTER,6339614781,4053,FAILURE,https://secure.booking.com/help/confirmation_pin_auth
2025-07-27 19:07:37,ALPHA_HUNTER,6339614781,1007,FAILURE,https://secure.booking.com/help/confirmation_pin_auth
2025-07-27 19:08:07,ALPHA_HUNTER,6339614781,5308,FAILURE,https://secure.booking.com/help/confirmation_pin_auth
2025-07-27 19:15:36,ALPHA_HUNTER,6339614781,4726,HELP_PAGE,https://secure.booking.com/help/confirmation_pin_auth
2025-07-27 19:16:12,ALPHA_HUNTER,6339614781,3504,FAILURE,https://secure.booking.com/help/confirmation_pin_auth
2025-07-27 19:16:45,ALPHA_HUNTER,6339614781,8823,FAILURE,https://secure.booking.com/help/confirmation_pin_auth
2025-07-27 19:17:16,ALPHA_HUNTER,6339614781,1126,FAILURE,https://secure.booking.com/help/confirmation_pin_auth
2025-07-27 19:17:47,ALPHA_HUNTER,6339614781,5968,FAILURE,https://secure.booking.com/help/confirmation_pin_auth
2025-07-27 19:27:44,ALPHA_HUNTER,6339614781,6807,HELP_PAGE,https://secure.booking.com/help/confirmation_pin_auth
2025-07-27 19:28:20,ALPHA_HUNTER,6339614781,9578,FAILURE,https://secure.booking.com/help/confirmation_pin_auth
2025-07-27 19:28:50,ALPHA_HUNTER,6339614781,2422,FAILURE,https://secure.booking.com/help/confirmation_pin_auth
2025-07-27 19:29:32,ALPHA_HUNTER,6339614781,5277,FAILURE,https://secure.booking.com/help/confirmation_pin_auth
2025-07-27 19:30:03,ALPHA_HUNTER,6339614781,3754,FAILURE,https://secure.booking.com/help/confirmation_pin_auth
2025-07-27 19:39:53,ALPHA_HUNTER,6339614781,7005,HELP_PAGE,https://secure.booking.com/help/confirmation_pin_auth
2025-07-27 19:40:30,ALPHA_HUNTER,6339614781,0857,FAILURE,https://secure.booking.com/help/confirmation_pin_auth
2025-07-27 19:41:02,ALPHA_HUNTER,6339614781,8949,FAILURE,https://secure.booking.com/help/confirmation_pin_auth
2025-07-27 19:41:34,ALPHA_HUNTER,6339614781,2548,FAILURE,https://secure.booking.com/help/confirmation_pin_auth
2025-07-27 19:42:05,ALPHA_HUNTER,6339614781,2388,FAILURE,https://secure.booking.com/help/confirmation_pin_auth
2025-07-27 20:01:13,ALPHA_HUNTER,6339614781,3967,HELP_PAGE,https://secure.booking.com/help/confirmation_pin_auth
2025-07-27 20:01:49,ALPHA_HUNTER,6339614781,2177,FAILURE,https://secure.booking.com/help/confirmation_pin_auth
2025-07-27 20:02:20,ALPHA_HUNTER,6339614781,8513,FAILURE,https://secure.booking.com/help/confirmation_pin_auth
2025-07-27 20:02:50,ALPHA_HUNTER,6339614781,9157,FAILURE,https://secure.booking.com/help/confirmation_pin_auth
2025-07-27 20:03:31,ALPHA_HUNTER,6339614781,9223,FAILURE,https://secure.booking.com/help/confirmation_pin_auth
2025-07-27 20:11:08,ALPHA_HUNTER,6339614781,2465,HELP_PAGE,https://secure.booking.com/help/confirmation_pin_auth
2025-07-27 20:11:45,ALPHA_HUNTER,6339614781,1803,FAILURE,https://secure.booking.com/help/confirmation_pin_auth
2025-07-27 20:12:17,ALPHA_HUNTER,6339614781,4408,FAILURE,https://secure.booking.com/help/confirmation_pin_auth
2025-07-27 20:12:49,ALPHA_HUNTER,6339614781,9418,FAILURE,https://secure.booking.com/help/confirmation_pin_auth
2025-07-27 20:13:19,ALPHA_HUNTER,6339614781,6042,FAILURE,https://secure.booking.com/help/confirmation_pin_auth
2025-07-27 20:23:01,ALPHA_HUNTER,6339614781,0083,HELP_PAGE,https://secure.booking.com/help/confirmation_pin_auth
2025-07-27 20:23:36,ALPHA_HUNTER,6339614781,4447,FAILURE,https://secure.booking.com/help/confirmation_pin_auth
2025-07-27 20:24:06,ALPHA_HUNTER,6339614781,9443,FAILURE,https://secure.booking.com/help/confirmation_pin_auth
2025-07-27 20:24:37,ALPHA_HUNTER,6339614781,3699,FAILURE,https://secure.booking.com/help/confirmation_pin_auth
2025-07-27 20:25:07,ALPHA_HUNTER,6339614781,1291,FAILURE,https://secure.booking.com/help/confirmation_pin_auth
2025-07-27 20:35:03,ALPHA_HUNTER,6339614781,7075,HELP_PAGE,https://secure.booking.com/help/confirmation_pin_auth
2025-07-27 20:35:41,ALPHA_HUNTER,6339614781,5907,FAILURE,https://secure.booking.com/help/confirmation_pin_auth
2025-07-27 20:36:13,ALPHA_HUNTER,6339614781,8943,FAILURE,https://secure.booking.com/help/confirmation_pin_auth
2025-07-27 20:36:44,ALPHA_HUNTER,6339614781,2488,FAILURE,https://secure.booking.com/help/confirmation_pin_auth
2025-07-27 20:37:16,ALPHA_HUNTER,6339614781,9212,FAILURE,https://secure.booking.com/help/confirmation_pin_auth
2025-07-27 20:47:30,ALPHA_HUNTER,6339614781,4451,HELP_PAGE,https://secure.booking.com/help/confirmation_pin_auth
2025-07-27 20:48:05,ALPHA_HUNTER,6339614781,7488,FAILURE,https://secure.booking.com/help/confirmation_pin_auth
2025-07-27 20:48:35,ALPHA_HUNTER,6339614781,7927,FAILURE,https://secure.booking.com/help/confirmation_pin_auth
2025-07-27 20:49:05,ALPHA_HUNTER,6339614781,8237,FAILURE,https://secure.booking.com/help/confirmation_pin_auth
2025-07-27 20:49:35,ALPHA_HUNTER,6339614781,2568,FAILURE,https://secure.booking.com/help/confirmation_pin_auth
2025-07-27 20:59:54,ALPHA_HUNTER,6339614781,1688,HELP_PAGE,https://secure.booking.com/help/confirmation_pin_auth
2025-07-27 21:00:29,ALPHA_HUNTER,6339614781,1633,FAILURE,https://secure.booking.com/help/confirmation_pin_auth
2025-07-27 21:00:59,ALPHA_HUNTER,6339614781,0336,FAILURE,https://secure.booking.com/help/confirmation_pin_auth
2025-07-27 21:01:29,ALPHA_HUNTER,6339614781,2215,FAILURE,https://secure.booking.com/help/confirmation_pin_auth
2025-07-27 21:02:10,ALPHA_HUNTER,6339614781,7207,FAILURE,https://secure.booking.com/help/confirmation_pin_auth
2025-07-27 21:12:28,ALPHA_HUNTER,6339614781,0146,HELP_PAGE,https://secure.booking.com/help/confirmation_pin_auth
2025-07-27 21:13:11,ALPHA_HUNTER,6339614781,6277,FAILURE,https://secure.booking.com/help/confirmation_pin_auth
2025-07-27 21:13:42,ALPHA_HUNTER,6339614781,6272,FAILURE,https://secure.booking.com/help/confirmation_pin_auth
2025-07-27 21:14:12,ALPHA_HUNTER,6339614781,9666,FAILURE,https://secure.booking.com/help/confirmation_pin_auth
2025-07-27 21:14:54,ALPHA_HUNTER,6339614781,5488,FAILURE,https://secure.booking.com/help/confirmation_pin_auth
2025-07-27 21:24:54,ALPHA_HUNTER,6339614781,4142,HELP_PAGE,https://secure.booking.com/help/confirmation_pin_auth
2025-07-27 21:25:30,ALPHA_HUNTER,6339614781,4545,FAILURE,https://secure.booking.com/help/confirmation_pin_auth
2025-07-27 21:26:01,ALPHA_HUNTER,6339614781,2338,FAILURE,https://secure.booking.com/help/confirmation_pin_auth
2025-07-27 21:26:32,ALPHA_HUNTER,6339614781,3527,FAILURE,https://secure.booking.com/help/confirmation_pin_auth
2025-07-27 21:27:03,ALPHA_HUNTER,6339614781,4307,FAILURE,https://secure.booking.com/help/confirmation_pin_auth
2025-07-27 21:37:04,ALPHA_HUNTER,6339614781,1185,HELP_PAGE,https://secure.booking.com/help/confirmation_pin_auth
2025-07-27 21:37:39,ALPHA_HUNTER,6339614781,1297,FAILURE,https://secure.booking.com/help/confirmation_pin_auth
2025-07-27 21:38:11,ALPHA_HUNTER,6339614781,9052,FAILURE,https://secure.booking.com/help/confirmation_pin_auth
2025-07-27 21:38:42,ALPHA_HUNTER,6339614781,7807,FAILURE,https://secure.booking.com/help/confirmation_pin_auth
2025-07-27 21:39:13,ALPHA_HUNTER,6339614781,4986,FAILURE,https://secure.booking.com/help/confirmation_pin_auth
2025-07-27 21:49:03,ALPHA_HUNTER,6339614781,1764,HELP_PAGE,https://secure.booking.com/help/confirmation_pin_auth
2025-07-27 21:49:39,ALPHA_HUNTER,6339614781,7681,FAILURE,https://secure.booking.com/help/confirmation_pin_auth
2025-07-27 21:50:10,ALPHA_HUNTER,6339614781,6466,FAILURE,https://secure.booking.com/help/confirmation_pin_auth
2025-07-27 21:50:43,ALPHA_HUNTER,6339614781,1340,FAILURE,https://secure.booking.com/help/confirmation_pin_auth
2025-07-27 21:51:15,ALPHA_HUNTER,6339614781,5040,FAILURE,https://secure.booking.com/help/confirmation_pin_auth
2025-07-27 21:59:23,ALPHA_HUNTER,6339614781,3602,HELP_PAGE,https://secure.booking.com/help/confirmation_pin_auth
2025-07-27 22:00:01,ALPHA_HUNTER,6339614781,5955,FAILURE,https://secure.booking.com/help/confirmation_pin_auth
2025-07-27 22:00:33,ALPHA_HUNTER,6339614781,5124,FAILURE,https://secure.booking.com/help/confirmation_pin_auth
2025-07-27 22:01:08,ALPHA_HUNTER,6339614781,9065,FAILURE,https://secure.booking.com/help/confirmation_pin_auth
2025-07-27 22:01:47,ALPHA_HUNTER,6339614781,3860,FAILURE,https://secure.booking.com/help/confirmation_pin_auth
2025-07-27 22:08:57,ALPHA_HUNTER,6339614781,5774,HELP_PAGE,https://secure.booking.com/help/confirmation_pin_auth
2025-07-27 22:09:32,ALPHA_HUNTER,6339614781,1430,FAILURE,https://secure.booking.com/help/confirmation_pin_auth
2025-07-27 22:10:03,ALPHA_HUNTER,6339614781,4600,FAILURE,https://secure.booking.com/help/confirmation_pin_auth
2025-07-27 22:10:33,ALPHA_HUNTER,6339614781,3522,FAILURE,https://secure.booking.com/help/confirmation_pin_auth
2025-07-27 22:11:03,ALPHA_HUNTER,6339614781,8283,FAILURE,https://secure.booking.com/help/confirmation_pin_auth
2025-07-27 22:21:10,ALPHA_HUNTER,6339614781,5483,HELP_PAGE,https://secure.booking.com/help/confirmation_pin_auth
2025-07-27 22:21:47,ALPHA_HUNTER,6339614781,8214,FAILURE,https://secure.booking.com/help/confirmation_pin_auth
2025-07-27 22:22:18,ALPHA_HUNTER,6339614781,2889,FAILURE,https://secure.booking.com/help/confirmation_pin_auth
2025-07-27 22:22:50,ALPHA_HUNTER,6339614781,3802,FAILURE,https://secure.booking.com/help/confirmation_pin_auth
2025-07-27 22:23:22,ALPHA_HUNTER,6339614781,8201,FAILURE,https://secure.booking.com/help/confirmation_pin_auth
2025-07-27 22:33:32,ALPHA_HUNTER,6339614781,7858,HELP_PAGE,https://secure.booking.com/help/confirmation_pin_auth
2025-07-27 22:34:16,ALPHA_HUNTER,6339614781,2398,FAILURE,https://secure.booking.com/help/confirmation_pin_auth
2025-07-27 22:34:50,ALPHA_HUNTER,6339614781,2016,FAILURE,https://secure.booking.com/help/confirmation_pin_auth
2025-07-27 22:35:27,ALPHA_HUNTER,6339614781,0902,FAILURE,https://secure.booking.com/help/confirmation_pin_auth
2025-07-27 22:36:05,ALPHA_HUNTER,6339614781,2106,FAILURE,https://secure.booking.com/help/confirmation_pin_auth
2025-07-27 22:45:39,ALPHA_HUNTER,6339614781,0300,HELP_PAGE,https://secure.booking.com/help/confirmation_pin_auth
2025-07-27 22:46:16,ALPHA_HUNTER,6339614781,2116,FAILURE,https://secure.booking.com/help/confirmation_pin_auth
2025-07-27 22:46:50,ALPHA_HUNTER,6339614781,3605,FAILURE,https://secure.booking.com/help/confirmation_pin_auth
2025-07-27 22:47:28,ALPHA_HUNTER,6339614781,3804,FAILURE,https://secure.booking.com/help/confirmation_pin_auth
2025-07-27 22:48:01,ALPHA_HUNTER,6339614781,5094,FAILURE,https://secure.booking.com/help/confirmation_pin_auth
2025-07-27 22:57:48,ALPHA_HUNTER,6339614781,8071,HELP_PAGE,https://secure.booking.com/help/confirmation_pin_auth
2025-07-27 22:58:24,ALPHA_HUNTER,6339614781,8170,FAILURE,https://secure.booking.com/help/confirmation_pin_auth
2025-07-27 22:58:58,ALPHA_HUNTER,6339614781,2540,FAILURE,https://secure.booking.com/help/confirmation_pin_auth
2025-07-27 22:59:31,ALPHA_HUNTER,6339614781,0162,FAILURE,https://secure.booking.com/help/confirmation_pin_auth
2025-07-27 23:00:02,ALPHA_HUNTER,6339614781,5111,FAILURE,https://secure.booking.com/help/confirmation_pin_auth
2025-07-27 23:10:48,ALPHA_HUNTER,6339614781,2271,HELP_PAGE,https://secure.booking.com/help/confirmation_pin_auth
2025-07-27 23:11:30,ALPHA_HUNTER,6339614781,1871,FAILURE,https://secure.booking.com/help/confirmation_pin_auth
2025-07-27 23:12:03,ALPHA_HUNTER,6339614781,0474,FAILURE,https://secure.booking.com/help/confirmation_pin_auth
2025-07-27 23:12:35,ALPHA_HUNTER,6339614781,1075,FAILURE,https://secure.booking.com/help/confirmation_pin_auth
2025-07-27 23:13:06,ALPHA_HUNTER,6339614781,5730,FAILURE,https://secure.booking.com/help/confirmation_pin_auth
