2025-07-27 23:31:23,RECOVERY_AGENT,6339614781,0056,HELP_PAGE,https://secure.booking.com/help/confirmation_pin_auth
2025-07-27 23:31:39,RECOVERY_AGENT,6339614781,0330,FAILURE,https://secure.booking.com/help/confirmation_pin_auth
2025-07-27 23:31:54,RECOVERY_AGENT,6339614781,0515,FAILURE,https://secure.booking.com/help/confirmation_pin_auth
2025-07-27 23:32:08,RECOVERY_AGENT,6339614781,1133,FAILURE,https://secure.booking.com/help/confirmation_pin_auth
2025-07-27 23:32:23,RECOVERY_AGENT,6339614781,1310,FAILURE,https://secure.booking.com/help/confirmation_pin_auth
2025-07-27 23:32:42,RECOVERY_AGENT,6339614781,1329,FAILURE,https://secure.booking.com/help/confirmation_pin_auth
2025-07-27 23:33:05,RECOVERY_AGENT,6339614781,1389,FAILURE,https://secure.booking.com/help/confirmation_pin_auth
2025-07-27 23:33:26,RECOVERY_AGENT,6339614781,1906,FAILURE,https://secure.booking.com/help/confirmation_pin_auth
2025-07-27 23:33:43,RECOVERY_AGENT,6339614781,2290,FAILURE,https://secure.booking.com/help/confirmation_pin_auth
2025-07-27 23:34:00,RECOVERY_AGENT,6339614781,2377,FAILURE,https://secure.booking.com/help/confirmation_pin_auth
2025-07-27 23:34:14,RECOVERY_AGENT,6339614781,2421,FAILURE,https://secure.booking.com/help/confirmation_pin_auth
2025-07-27 23:34:31,RECOVERY_AGENT,6339614781,2556,FAILURE,https://secure.booking.com/help/confirmation_pin_auth
2025-07-27 23:34:45,RECOVERY_AGENT,6339614781,2727,FAILURE,https://secure.booking.com/help/confirmation_pin_auth
2025-07-27 23:35:03,RECOVERY_AGENT,6339614781,2931,FAILURE,https://secure.booking.com/help/confirmation_pin_auth
2025-07-27 23:35:21,RECOVERY_AGENT,6339614781,3002,FAILURE,https://secure.booking.com/help/confirmation_pin_auth
2025-07-27 23:35:39,RECOVERY_AGENT,6339614781,3825,FAILURE,https://secure.booking.com/help/confirmation_pin_auth
2025-07-27 23:35:59,RECOVERY_AGENT,6339614781,3876,FAILURE,https://secure.booking.com/help/confirmation_pin_auth
2025-07-27 23:36:19,RECOVERY_AGENT,6339614781,4073,FAILURE,https://secure.booking.com/help/confirmation_pin_auth
2025-07-27 23:36:34,RECOVERY_AGENT,6339614781,4093,FAILURE,https://secure.booking.com/help/confirmation_pin_auth
2025-07-27 23:36:50,RECOVERY_AGENT,6339614781,4282,FAILURE,https://secure.booking.com/help/confirmation_pin_auth
2025-07-27 23:37:06,RECOVERY_AGENT,6339614781,4718,FAILURE,https://secure.booking.com/help/confirmation_pin_auth
2025-07-27 23:37:22,RECOVERY_AGENT,6339614781,5096,FAILURE,https://secure.booking.com/help/confirmation_pin_auth
2025-07-27 23:37:40,RECOVERY_AGENT,6339614781,5103,FAILURE,https://secure.booking.com/help/confirmation_pin_auth
2025-07-27 23:37:55,RECOVERY_AGENT,6339614781,5449,FAILURE,https://secure.booking.com/help/confirmation_pin_auth
2025-07-27 23:38:09,RECOVERY_AGENT,6339614781,5611,FAILURE,https://secure.booking.com/help/confirmation_pin_auth
2025-07-27 23:38:49,RECOVERY_AGENT,6339614781,5734,EXCEPTION,https://secure.booking.com/help/confirmation_pin_auth
2025-07-27 23:39:26,RECOVERY_AGENT,6339614781,6215,HELP_PAGE,https://secure.booking.com/help/confirmation_pin_auth
2025-07-27 23:39:41,RECOVERY_AGENT,6339614781,6723,FAILURE,https://secure.booking.com/help/confirmation_pin_auth
2025-07-27 23:39:55,RECOVERY_AGENT,6339614781,6923,FAILURE,https://secure.booking.com/help/confirmation_pin_auth
2025-07-27 23:40:10,RECOVERY_AGENT,6339614781,7027,FAILURE,https://secure.booking.com/help/confirmation_pin_auth
2025-07-27 23:40:23,RECOVERY_AGENT,6339614781,7288,FAILURE,https://secure.booking.com/help/confirmation_pin_auth
2025-07-27 23:40:37,RECOVERY_AGENT,6339614781,7463,FAILURE,https://secure.booking.com/help/confirmation_pin_auth
2025-07-27 23:40:50,RECOVERY_AGENT,6339614781,7836,FAILURE,https://secure.booking.com/help/confirmation_pin_auth
2025-07-27 23:41:04,RECOVERY_AGENT,6339614781,7964,FAILURE,https://secure.booking.com/help/confirmation_pin_auth
2025-07-27 23:41:23,RECOVERY_AGENT,6339614781,8002,FAILURE,https://secure.booking.com/help/confirmation_pin_auth
2025-07-27 23:41:39,RECOVERY_AGENT,6339614781,8052,FAILURE,https://secure.booking.com/help/confirmation_pin_auth
2025-07-27 23:41:53,RECOVERY_AGENT,6339614781,8168,FAILURE,https://secure.booking.com/help/confirmation_pin_auth
2025-07-27 23:42:07,RECOVERY_AGENT,6339614781,8289,FAILURE,https://secure.booking.com/help/confirmation_pin_auth
2025-07-27 23:42:21,RECOVERY_AGENT,6339614781,8343,FAILURE,https://secure.booking.com/help/confirmation_pin_auth
2025-07-27 23:42:35,RECOVERY_AGENT,6339614781,8622,FAILURE,https://secure.booking.com/help/confirmation_pin_auth
2025-07-27 23:42:50,RECOVERY_AGENT,6339614781,8649,FAILURE,https://secure.booking.com/help/confirmation_pin_auth
2025-07-27 23:43:04,RECOVERY_AGENT,6339614781,9058,FAILURE,https://secure.booking.com/help/confirmation_pin_auth
2025-07-27 23:43:19,RECOVERY_AGENT,6339614781,9116,FAILURE,https://secure.booking.com/help/confirmation_pin_auth
2025-07-27 23:43:33,RECOVERY_AGENT,6339614781,9725,FAILURE,https://secure.booking.com/help/confirmation_pin_auth
2025-07-27 23:43:54,RECOVERY_AGENT,6860261353,0056,FAILURE,https://secure.booking.com/help/confirmation_pin_auth
2025-07-27 23:44:08,RECOVERY_AGENT,6860261353,0330,FAILURE,https://secure.booking.com/help/confirmation_pin_auth
2025-07-27 23:44:23,RECOVERY_AGENT,6860261353,0515,FAILURE,https://secure.booking.com/help/confirmation_pin_auth
2025-07-27 23:44:37,RECOVERY_AGENT,6860261353,1133,FAILURE,https://secure.booking.com/help/confirmation_pin_auth
2025-07-27 23:44:51,RECOVERY_AGENT,6860261353,1310,FAILURE,https://secure.booking.com/help/confirmation_pin_auth
2025-07-27 23:45:30,RECOVERY_AGENT,6860261353,1329,FAILURE,https://secure.booking.com/help/confirmation_pin_auth
2025-07-27 23:45:47,RECOVERY_AGENT,6860261353,1389,FAILURE,https://secure.booking.com/help/confirmation_pin_auth
2025-07-27 23:46:02,RECOVERY_AGENT,6860261353,1906,FAILURE,https://secure.booking.com/help/confirmation_pin_auth
2025-07-27 23:46:18,RECOVERY_AGENT,6860261353,2290,FAILURE,https://secure.booking.com/help/confirmation_pin_auth
2025-07-27 23:46:34,RECOVERY_AGENT,6860261353,2377,FAILURE,https://secure.booking.com/help/confirmation_pin_auth
2025-07-27 23:46:50,RECOVERY_AGENT,6860261353,2421,FAILURE,https://secure.booking.com/help/confirmation_pin_auth
2025-07-27 23:47:05,RECOVERY_AGENT,6860261353,2556,FAILURE,https://secure.booking.com/help/confirmation_pin_auth
2025-07-27 23:47:19,RECOVERY_AGENT,6860261353,2727,FAILURE,https://secure.booking.com/help/confirmation_pin_auth
2025-07-27 23:47:34,RECOVERY_AGENT,6860261353,2931,FAILURE,https://secure.booking.com/help/confirmation_pin_auth
2025-07-27 23:47:47,RECOVERY_AGENT,6860261353,3002,FAILURE,https://secure.booking.com/help/confirmation_pin_auth
2025-07-27 23:48:02,RECOVERY_AGENT,6860261353,3825,FAILURE,https://secure.booking.com/help/confirmation_pin_auth
2025-07-27 23:48:17,RECOVERY_AGENT,6860261353,3876,FAILURE,https://secure.booking.com/help/confirmation_pin_auth
2025-07-27 23:48:32,RECOVERY_AGENT,6860261353,4073,FAILURE,https://secure.booking.com/help/confirmation_pin_auth
2025-07-27 23:48:49,RECOVERY_AGENT,6860261353,4093,FAILURE,https://secure.booking.com/help/confirmation_pin_auth
2025-07-27 23:49:03,RECOVERY_AGENT,6860261353,4282,FAILURE,https://secure.booking.com/help/confirmation_pin_auth
2025-07-27 23:49:18,RECOVERY_AGENT,6860261353,4718,FAILURE,https://secure.booking.com/help/confirmation_pin_auth
2025-07-27 23:49:34,RECOVERY_AGENT,6860261353,5096,FAILURE,https://secure.booking.com/help/confirmation_pin_auth
2025-07-27 23:49:49,RECOVERY_AGENT,6860261353,5103,FAILURE,https://secure.booking.com/help/confirmation_pin_auth
2025-07-27 23:50:04,RECOVERY_AGENT,6860261353,5449,FAILURE,https://secure.booking.com/help/confirmation_pin_auth
2025-07-27 23:50:19,RECOVERY_AGENT,6860261353,5611,FAILURE,https://secure.booking.com/help/confirmation_pin_auth
2025-07-27 23:50:33,RECOVERY_AGENT,6860261353,5734,FAILURE,https://secure.booking.com/help/confirmation_pin_auth
2025-07-27 23:50:48,RECOVERY_AGENT,6860261353,6215,FAILURE,https://secure.booking.com/help/confirmation_pin_auth
2025-07-27 23:51:03,RECOVERY_AGENT,6860261353,6723,FAILURE,https://secure.booking.com/help/confirmation_pin_auth
2025-07-27 23:51:21,RECOVERY_AGENT,6860261353,6923,FAILURE,https://secure.booking.com/help/confirmation_pin_auth
2025-07-27 23:51:36,RECOVERY_AGENT,6860261353,7027,FAILURE,https://secure.booking.com/help/confirmation_pin_auth
2025-07-27 23:52:13,RECOVERY_AGENT,6860261353,7288,FAILURE,https://secure.booking.com/help/confirmation_pin_auth
2025-07-27 23:52:35,RECOVERY_AGENT,6860261353,7463,FAILURE,https://secure.booking.com/help/confirmation_pin_auth
2025-07-27 23:52:49,RECOVERY_AGENT,6860261353,7836,FAILURE,https://secure.booking.com/help/confirmation_pin_auth
2025-07-27 23:53:03,RECOVERY_AGENT,6860261353,7964,FAILURE,https://secure.booking.com/help/confirmation_pin_auth
2025-07-27 23:53:18,RECOVERY_AGENT,6860261353,8002,FAILURE,https://secure.booking.com/help/confirmation_pin_auth
2025-07-27 23:53:32,RECOVERY_AGENT,6860261353,8052,FAILURE,https://secure.booking.com/help/confirmation_pin_auth
2025-07-27 23:53:47,RECOVERY_AGENT,6860261353,8168,FAILURE,https://secure.booking.com/help/confirmation_pin_auth
2025-07-27 23:54:01,RECOVERY_AGENT,6860261353,8289,FAILURE,https://secure.booking.com/help/confirmation_pin_auth
2025-07-27 23:54:15,RECOVERY_AGENT,6860261353,8343,FAILURE,https://secure.booking.com/help/confirmation_pin_auth
2025-07-27 23:54:30,RECOVERY_AGENT,6860261353,8622,FAILURE,https://secure.booking.com/help/confirmation_pin_auth
2025-07-27 23:54:43,RECOVERY_AGENT,6860261353,8649,FAILURE,https://secure.booking.com/help/confirmation_pin_auth
2025-07-27 23:54:57,RECOVERY_AGENT,6860261353,9058,FAILURE,https://secure.booking.com/help/confirmation_pin_auth
2025-07-27 23:55:19,RECOVERY_AGENT,6860261353,9116,FAILURE,https://secure.booking.com/help/confirmation_pin_auth
2025-07-27 23:55:32,RECOVERY_AGENT,6860261353,9725,FAILURE,https://secure.booking.com/help/confirmation_pin_auth
2025-07-27 23:55:51,RECOVERY_AGENT,6160911170,0056,FAILURE,https://secure.booking.com/help/confirmation_pin_auth
2025-07-27 23:56:05,RECOVERY_AGENT,6160911170,0330,FAILURE,https://secure.booking.com/help/confirmation_pin_auth
2025-07-27 23:56:18,RECOVERY_AGENT,6160911170,0515,FAILURE,https://secure.booking.com/help/confirmation_pin_auth
2025-07-27 23:56:32,RECOVERY_AGENT,6160911170,1133,FAILURE,https://secure.booking.com/help/confirmation_pin_auth
2025-07-27 23:56:46,RECOVERY_AGENT,6160911170,1310,FAILURE,https://secure.booking.com/help/confirmation_pin_auth
2025-07-27 23:57:00,RECOVERY_AGENT,6160911170,1329,FAILURE,https://secure.booking.com/help/confirmation_pin_auth
2025-07-27 23:57:13,RECOVERY_AGENT,6160911170,1389,FAILURE,https://secure.booking.com/help/confirmation_pin_auth
2025-07-27 23:57:26,RECOVERY_AGENT,6160911170,1906,FAILURE,https://secure.booking.com/help/confirmation_pin_auth
2025-07-27 23:57:39,RECOVERY_AGENT,6160911170,2290,FAILURE,https://secure.booking.com/help/confirmation_pin_auth
2025-07-27 23:57:53,RECOVERY_AGENT,6160911170,2377,FAILURE,https://secure.booking.com/help/confirmation_pin_auth
2025-07-27 23:58:06,RECOVERY_AGENT,6160911170,2421,FAILURE,https://secure.booking.com/help/confirmation_pin_auth
2025-07-27 23:58:20,RECOVERY_AGENT,6160911170,2556,FAILURE,https://secure.booking.com/help/confirmation_pin_auth
2025-07-27 23:58:33,RECOVERY_AGENT,6160911170,2727,FAILURE,https://secure.booking.com/help/confirmation_pin_auth
2025-07-27 23:58:46,RECOVERY_AGENT,6160911170,2931,FAILURE,https://secure.booking.com/help/confirmation_pin_auth
2025-07-27 23:59:00,RECOVERY_AGENT,6160911170,3002,FAILURE,https://secure.booking.com/help/confirmation_pin_auth
2025-07-27 23:59:13,RECOVERY_AGENT,6160911170,3825,FAILURE,https://secure.booking.com/help/confirmation_pin_auth
2025-07-27 23:59:26,RECOVERY_AGENT,6160911170,3876,FAILURE,https://secure.booking.com/help/confirmation_pin_auth
2025-07-27 23:59:40,RECOVERY_AGENT,6160911170,4073,FAILURE,https://secure.booking.com/help/confirmation_pin_auth
2025-07-27 23:59:54,RECOVERY_AGENT,6160911170,4093,FAILURE,https://secure.booking.com/help/confirmation_pin_auth
2025-07-28 00:00:09,RECOVERY_AGENT,6160911170,4282,FAILURE,https://secure.booking.com/help/confirmation_pin_auth
2025-07-28 00:00:24,RECOVERY_AGENT,6160911170,4718,FAILURE,https://secure.booking.com/help/confirmation_pin_auth
2025-07-28 00:00:38,RECOVERY_AGENT,6160911170,5096,FAILURE,https://secure.booking.com/help/confirmation_pin_auth
2025-07-28 00:00:52,RECOVERY_AGENT,6160911170,5103,FAILURE,https://secure.booking.com/help/confirmation_pin_auth
2025-07-28 00:01:05,RECOVERY_AGENT,6160911170,5449,FAILURE,https://secure.booking.com/help/confirmation_pin_auth
2025-07-28 00:01:18,RECOVERY_AGENT,6160911170,5611,FAILURE,https://secure.booking.com/help/confirmation_pin_auth
2025-07-28 00:01:36,RECOVERY_AGENT,6160911170,5734,FAILURE,https://secure.booking.com/help/confirmation_pin_auth
2025-07-28 00:01:51,RECOVERY_AGENT,6160911170,6215,FAILURE,https://secure.booking.com/help/confirmation_pin_auth
2025-07-28 00:02:06,RECOVERY_AGENT,6160911170,6723,FAILURE,https://secure.booking.com/help/confirmation_pin_auth
2025-07-28 00:02:21,RECOVERY_AGENT,6160911170,6923,FAILURE,https://secure.booking.com/help/confirmation_pin_auth
2025-07-28 00:02:36,RECOVERY_AGENT,6160911170,7027,FAILURE,https://secure.booking.com/help/confirmation_pin_auth
2025-07-28 00:02:51,RECOVERY_AGENT,6160911170,7288,FAILURE,https://secure.booking.com/help/confirmation_pin_auth
2025-07-28 00:05:00,RECOVERY_AGENT,6339614781,0056,HELP_PAGE,https://secure.booking.com/help/confirmation_pin_auth
2025-07-28 00:05:17,RECOVERY_AGENT,6339614781,0330,FAILURE,https://secure.booking.com/help/confirmation_pin_auth
2025-07-28 00:05:33,RECOVERY_AGENT,6339614781,0515,FAILURE,https://secure.booking.com/help/confirmation_pin_auth
2025-07-28 00:05:52,RECOVERY_AGENT,6339614781,1133,FAILURE,https://secure.booking.com/help/confirmation_pin_auth
2025-07-28 00:07:12,RECOVERY_AGENT,6339614781,7643,HELP_PAGE,https://secure.booking.com/help/confirmation_pin_auth
2025-07-28 00:07:30,RECOVERY_AGENT,6339614781,7836,FAILURE,https://secure.booking.com/help/confirmation_pin_auth
2025-07-28 00:07:53,RECOVERY_AGENT,6339614781,7964,FAILURE,https://secure.booking.com/help/confirmation_pin_auth
2025-07-28 00:08:11,RECOVERY_AGENT,6339614781,8002,FAILURE,https://secure.booking.com/help/confirmation_pin_auth
2025-07-28 00:08:26,RECOVERY_AGENT,6339614781,8052,FAILURE,https://secure.booking.com/help/confirmation_pin_auth
2025-07-28 00:08:40,RECOVERY_AGENT,6339614781,8168,FAILURE,https://secure.booking.com/help/confirmation_pin_auth
2025-07-28 00:08:55,RECOVERY_AGENT,6339614781,8289,FAILURE,https://secure.booking.com/help/confirmation_pin_auth
2025-07-28 00:09:10,RECOVERY_AGENT,6339614781,8343,FAILURE,https://secure.booking.com/help/confirmation_pin_auth
2025-07-28 00:09:29,RECOVERY_AGENT,6339614781,8622,FAILURE,https://secure.booking.com/help/confirmation_pin_auth
2025-07-28 00:09:44,RECOVERY_AGENT,6339614781,8649,FAILURE,https://secure.booking.com/help/confirmation_pin_auth
2025-07-28 00:09:59,RECOVERY_AGENT,6339614781,9058,FAILURE,https://secure.booking.com/help/confirmation_pin_auth
2025-07-28 00:10:13,RECOVERY_AGENT,6339614781,9116,FAILURE,https://secure.booking.com/help/confirmation_pin_auth
2025-07-28 00:10:28,RECOVERY_AGENT,6339614781,9725,FAILURE,https://secure.booking.com/help/confirmation_pin_auth
2025-07-28 00:10:46,RECOVERY_AGENT,6860261353,7643,FAILURE,https://secure.booking.com/help/confirmation_pin_auth
2025-07-28 00:11:01,RECOVERY_AGENT,6860261353,7836,FAILURE,https://secure.booking.com/help/confirmation_pin_auth
2025-07-28 00:11:15,RECOVERY_AGENT,6860261353,7964,FAILURE,https://secure.booking.com/help/confirmation_pin_auth
2025-07-28 00:11:28,RECOVERY_AGENT,6860261353,8002,FAILURE,https://secure.booking.com/help/confirmation_pin_auth
2025-07-28 00:11:43,RECOVERY_AGENT,6860261353,8052,FAILURE,https://secure.booking.com/help/confirmation_pin_auth
2025-07-28 00:11:59,RECOVERY_AGENT,6860261353,8168,FAILURE,https://secure.booking.com/help/confirmation_pin_auth
2025-07-28 00:12:14,RECOVERY_AGENT,6860261353,8289,FAILURE,https://secure.booking.com/help/confirmation_pin_auth
2025-07-28 00:12:27,RECOVERY_AGENT,6860261353,8343,FAILURE,https://secure.booking.com/help/confirmation_pin_auth
2025-07-28 00:12:42,RECOVERY_AGENT,6860261353,8622,FAILURE,https://secure.booking.com/help/confirmation_pin_auth
2025-07-28 00:12:56,RECOVERY_AGENT,6860261353,8649,FAILURE,https://secure.booking.com/help/confirmation_pin_auth
2025-07-28 00:13:10,RECOVERY_AGENT,6860261353,9058,FAILURE,https://secure.booking.com/help/confirmation_pin_auth
2025-07-28 00:13:24,RECOVERY_AGENT,6860261353,9116,FAILURE,https://secure.booking.com/help/confirmation_pin_auth
2025-07-28 00:13:38,RECOVERY_AGENT,6860261353,9725,FAILURE,https://secure.booking.com/help/confirmation_pin_auth
2025-07-28 00:13:59,RECOVERY_AGENT,6160911170,7643,FAILURE,https://secure.booking.com/help/confirmation_pin_auth
2025-07-28 00:14:24,RECOVERY_AGENT,6160911170,7836,FAILURE,https://secure.booking.com/help/confirmation_pin_auth
2025-07-28 00:14:39,RECOVERY_AGENT,6160911170,7964,FAILURE,https://secure.booking.com/help/confirmation_pin_auth
2025-07-28 00:14:53,RECOVERY_AGENT,6160911170,8002,FAILURE,https://secure.booking.com/help/confirmation_pin_auth
2025-07-28 00:15:07,RECOVERY_AGENT,6160911170,8052,FAILURE,https://secure.booking.com/help/confirmation_pin_auth
2025-07-28 00:15:22,RECOVERY_AGENT,6160911170,8168,FAILURE,https://secure.booking.com/help/confirmation_pin_auth
2025-07-28 00:15:36,RECOVERY_AGENT,6160911170,8289,FAILURE,https://secure.booking.com/help/confirmation_pin_auth
2025-07-28 00:15:50,RECOVERY_AGENT,6160911170,8343,FAILURE,https://secure.booking.com/help/confirmation_pin_auth
2025-07-28 00:16:04,RECOVERY_AGENT,6160911170,8622,FAILURE,https://secure.booking.com/help/confirmation_pin_auth
2025-07-28 00:16:18,RECOVERY_AGENT,6160911170,8649,FAILURE,https://secure.booking.com/help/confirmation_pin_auth
2025-07-28 00:16:33,RECOVERY_AGENT,6160911170,9058,FAILURE,https://secure.booking.com/help/confirmation_pin_auth
2025-07-28 00:16:46,RECOVERY_AGENT,6160911170,9116,FAILURE,https://secure.booking.com/help/confirmation_pin_auth
2025-07-28 00:17:01,RECOVERY_AGENT,6160911170,9725,FAILURE,https://secure.booking.com/help/confirmation_pin_auth
2025-07-28 00:17:21,RECOVERY_AGENT,5830944764,7643,FAILURE,https://secure.booking.com/help/confirmation_pin_auth
2025-07-28 00:17:35,RECOVERY_AGENT,5830944764,7836,FAILURE,https://secure.booking.com/help/confirmation_pin_auth
2025-07-28 00:17:49,RECOVERY_AGENT,5830944764,7964,FAILURE,https://secure.booking.com/help/confirmation_pin_auth
2025-07-28 00:18:09,RECOVERY_AGENT,5830944764,8002,FAILURE,https://secure.booking.com/help/confirmation_pin_auth
2025-07-28 00:18:27,RECOVERY_AGENT,5830944764,8052,FAILURE,https://secure.booking.com/help/confirmation_pin_auth
2025-07-28 00:18:41,RECOVERY_AGENT,5830944764,8168,FAILURE,https://secure.booking.com/help/confirmation_pin_auth
2025-07-28 00:18:55,RECOVERY_AGENT,5830944764,8289,FAILURE,https://secure.booking.com/help/confirmation_pin_auth
2025-07-28 00:19:08,RECOVERY_AGENT,5830944764,8343,FAILURE,https://secure.booking.com/help/confirmation_pin_auth
2025-07-28 00:19:23,RECOVERY_AGENT,5830944764,8622,FAILURE,https://secure.booking.com/help/confirmation_pin_auth
2025-07-28 00:19:37,RECOVERY_AGENT,5830944764,8649,FAILURE,https://secure.booking.com/help/confirmation_pin_auth
2025-07-28 00:19:50,RECOVERY_AGENT,5830944764,9058,FAILURE,https://secure.booking.com/help/confirmation_pin_auth
2025-07-28 00:20:04,RECOVERY_AGENT,5830944764,9116,FAILURE,https://secure.booking.com/help/confirmation_pin_auth
2025-07-28 00:20:18,RECOVERY_AGENT,5830944764,9725,FAILURE,https://secure.booking.com/help/confirmation_pin_auth
2025-07-28 01:03:11,RECOVERY_AGENT,6160911170,7463,EXCEPTION,
2025-07-28 01:03:37,RECOVERY_AGENT,6160911170,7836,EXCEPTION,
2025-07-28 01:04:00,RECOVERY_AGENT,6160911170,7964,EXCEPTION,
2025-07-28 01:08:38,RECOVERY_AGENT,6160911170,7463,EXCEPTION,
2025-07-28 01:12:38,RECOVERY_AGENT,6160911170,7463,FAILURE,https://secure.booking.com/help/confirmation_pin_auth
2025-07-28 01:12:59,RECOVERY_AGENT,6160911170,7836,FAILURE,https://secure.booking.com/help/confirmation_pin_auth
2025-07-28 01:13:19,RECOVERY_AGENT,6160911170,7964,FAILURE,https://secure.booking.com/help/confirmation_pin_auth
2025-07-28 01:13:40,RECOVERY_AGENT,6160911170,8002,FAILURE,https://secure.booking.com/help/confirmation_pin_auth
2025-07-28 01:14:01,RECOVERY_AGENT,6160911170,8052,FAILURE,https://secure.booking.com/help/confirmation_pin_auth
2025-07-28 01:14:24,RECOVERY_AGENT,6160911170,8168,FAILURE,https://secure.booking.com/help/confirmation_pin_auth
2025-07-28 01:14:48,RECOVERY_AGENT,6160911170,8289,FAILURE,https://secure.booking.com/help/confirmation_pin_auth
2025-07-28 01:15:12,RECOVERY_AGENT,6160911170,8343,FAILURE,https://secure.booking.com/help/confirmation_pin_auth
2025-07-28 01:15:45,RECOVERY_AGENT,6160911170,8622,FAILURE,https://secure.booking.com/help/confirmation_pin_auth
2025-07-28 01:16:12,RECOVERY_AGENT,6160911170,8649,FAILURE,https://secure.booking.com/help/confirmation_pin_auth
2025-07-28 01:16:40,RECOVERY_AGENT,6160911170,9058,FAILURE,https://secure.booking.com/help/confirmation_pin_auth
2025-07-28 01:17:19,RECOVERY_AGENT,6160911170,9116,FAILURE,https://secure.booking.com/help/confirmation_pin_auth
2025-07-28 01:17:44,RECOVERY_AGENT,6160911170,9725,FAILURE,https://secure.booking.com/help/confirmation_pin_auth
2025-07-28 01:18:27,RECOVERY_AGENT,5830944764,0056,FAILURE,https://secure.booking.com/help/confirmation_pin_auth
2025-07-28 01:18:52,RECOVERY_AGENT,5830944764,0330,FAILURE,https://secure.booking.com/help/confirmation_pin_auth
2025-07-28 01:19:25,RECOVERY_AGENT,5830944764,0515,FAILURE,https://secure.booking.com/help/confirmation_pin_auth
2025-07-28 01:19:58,RECOVERY_AGENT,5830944764,1133,FAILURE,https://secure.booking.com/help/confirmation_pin_auth
2025-07-28 01:20:33,RECOVERY_AGENT,5830944764,1310,FAILURE,https://secure.booking.com/help/confirmation_pin_auth
2025-07-28 01:21:10,RECOVERY_AGENT,5830944764,1329,FAILURE,https://secure.booking.com/help/confirmation_pin_auth
2025-07-28 01:21:42,RECOVERY_AGENT,5830944764,1389,FAILURE,https://secure.booking.com/help/confirmation_pin_auth
2025-07-28 01:22:15,RECOVERY_AGENT,5830944764,1906,FAILURE,https://secure.booking.com/help/confirmation_pin_auth
2025-07-28 01:22:49,RECOVERY_AGENT,5830944764,2290,FAILURE,https://secure.booking.com/help/confirmation_pin_auth
2025-07-28 01:23:33,RECOVERY_AGENT,5830944764,2377,FAILURE,https://secure.booking.com/help/confirmation_pin_auth
2025-07-28 01:24:11,RECOVERY_AGENT,5830944764,2421,FAILURE,https://secure.booking.com/help/confirmation_pin_auth
2025-07-28 01:24:55,RECOVERY_AGENT,5830944764,2556,FAILURE,https://secure.booking.com/help/confirmation_pin_auth
2025-07-28 01:25:34,RECOVERY_AGENT,5830944764,2727,FAILURE,https://secure.booking.com/help/confirmation_pin_auth
2025-07-28 01:26:08,RECOVERY_AGENT,5830944764,2931,FAILURE,https://secure.booking.com/help/confirmation_pin_auth
2025-07-28 01:26:45,RECOVERY_AGENT,5830944764,3002,EXCEPTION,
2025-07-28 01:27:23,RECOVERY_AGENT,5830944764,3825,FAILURE,https://secure.booking.com/help/confirmation_pin_auth
2025-07-28 01:28:12,RECOVERY_AGENT,5830944764,3876,FAILURE,https://secure.booking.com/help/confirmation_pin_auth
2025-07-28 01:28:36,RECOVERY_AGENT,5830944764,4073,FAILURE,https://secure.booking.com/help/confirmation_pin_auth
2025-07-28 01:28:58,RECOVERY_AGENT,5830944764,4093,FAILURE,https://secure.booking.com/help/confirmation_pin_auth
2025-07-28 01:29:24,RECOVERY_AGENT,5830944764,4282,FAILURE,https://secure.booking.com/help/confirmation_pin_auth
2025-07-28 01:29:46,RECOVERY_AGENT,5830944764,4718,FAILURE,https://secure.booking.com/help/confirmation_pin_auth
2025-07-28 01:30:07,RECOVERY_AGENT,5830944764,5096,FAILURE,https://secure.booking.com/help/confirmation_pin_auth
2025-07-28 01:30:30,RECOVERY_AGENT,5830944764,5103,FAILURE,https://secure.booking.com/help/confirmation_pin_auth
2025-07-28 01:30:51,RECOVERY_AGENT,5830944764,5449,FAILURE,https://secure.booking.com/help/confirmation_pin_auth
2025-07-28 01:31:13,RECOVERY_AGENT,5830944764,5611,FAILURE,https://secure.booking.com/help/confirmation_pin_auth
2025-07-28 01:31:34,RECOVERY_AGENT,5830944764,5734,FAILURE,https://secure.booking.com/help/confirmation_pin_auth
2025-07-28 01:31:55,RECOVERY_AGENT,5830944764,6215,FAILURE,https://secure.booking.com/help/confirmation_pin_auth
2025-07-28 01:32:17,RECOVERY_AGENT,5830944764,6723,FAILURE,https://secure.booking.com/help/confirmation_pin_auth
2025-07-28 01:32:38,RECOVERY_AGENT,5830944764,6923,FAILURE,https://secure.booking.com/help/confirmation_pin_auth
2025-07-28 01:33:00,RECOVERY_AGENT,5830944764,7027,FAILURE,https://secure.booking.com/help/confirmation_pin_auth
2025-07-28 01:33:22,RECOVERY_AGENT,5830944764,7288,FAILURE,https://secure.booking.com/help/confirmation_pin_auth
2025-07-28 01:33:43,RECOVERY_AGENT,5830944764,7463,FAILURE,https://secure.booking.com/help/confirmation_pin_auth
2025-07-28 01:34:03,RECOVERY_AGENT,5830944764,7836,FAILURE,https://secure.booking.com/help/confirmation_pin_auth
2025-07-28 01:34:23,RECOVERY_AGENT,5830944764,7964,FAILURE,https://secure.booking.com/help/confirmation_pin_auth
2025-07-28 01:34:44,RECOVERY_AGENT,5830944764,8002,FAILURE,https://secure.booking.com/help/confirmation_pin_auth
2025-07-28 01:35:04,RECOVERY_AGENT,5830944764,8052,FAILURE,https://secure.booking.com/help/confirmation_pin_auth
2025-07-28 01:35:25,RECOVERY_AGENT,5830944764,8168,FAILURE,https://secure.booking.com/help/confirmation_pin_auth
2025-07-28 01:35:50,RECOVERY_AGENT,5830944764,8289,FAILURE,https://secure.booking.com/help/confirmation_pin_auth
2025-07-28 01:36:11,RECOVERY_AGENT,5830944764,8343,FAILURE,https://secure.booking.com/help/confirmation_pin_auth
2025-07-28 01:36:32,RECOVERY_AGENT,5830944764,8622,FAILURE,https://secure.booking.com/help/confirmation_pin_auth
2025-07-28 01:36:52,RECOVERY_AGENT,5830944764,8649,FAILURE,https://secure.booking.com/help/confirmation_pin_auth
2025-07-28 01:37:13,RECOVERY_AGENT,5830944764,9058,FAILURE,https://secure.booking.com/help/confirmation_pin_auth
2025-07-28 01:37:33,RECOVERY_AGENT,5830944764,9116,FAILURE,https://secure.booking.com/help/confirmation_pin_auth
2025-07-28 01:37:54,RECOVERY_AGENT,5830944764,9725,FAILURE,https://secure.booking.com/help/confirmation_pin_auth
2025-07-28 02:17:49,RECOVERY_AGENT,5727559423,2540,FAILURE,https://secure.booking.com/help/confirmation_pin_auth
2025-07-28 02:18:10,RECOVERY_AGENT,5727559423,1476,FAILURE,https://secure.booking.com/help/confirmation_pin_auth
2025-07-28 02:18:45,RECOVERY_AGENT,5727559423,6704,FAILURE,https://secure.booking.com/help/confirmation_pin_auth
2025-07-28 02:19:10,RECOVERY_AGENT,5727559423,9921,FAILURE,https://secure.booking.com/help/confirmation_pin_auth
2025-07-28 02:19:35,RECOVERY_AGENT,5727559423,2390,SUCCESS,https://secure.booking.com/help/reservation?hc_origin=auth_conf_pin&pincode=2390&unique_order_id=22-5727559423
2025-07-28 02:20:28,RECOVERY_AGENT,5727559423,5167,FAILURE,https://secure.booking.com/help/confirmation_pin_auth
2025-07-28 02:22:26,RECOVERY_AGENT,5727559423,2540,FAILURE,https://secure.booking.com/help/confirmation_pin_auth
2025-07-28 02:22:48,RECOVERY_AGENT,5727559423,1476,FAILURE,https://secure.booking.com/help/confirmation_pin_auth
2025-07-28 02:23:13,RECOVERY_AGENT,5727559423,6704,FAILURE,https://secure.booking.com/help/confirmation_pin_auth
2025-07-28 02:23:37,RECOVERY_AGENT,5727559423,9921,FAILURE,https://secure.booking.com/help/confirmation_pin_auth
2025-07-28 02:24:00,RECOVERY_AGENT,5727559423,5603,FAILURE,https://secure.booking.com/help/confirmation_pin_auth
2025-07-28 02:24:22,RECOVERY_AGENT,5727559423,5167,FAILURE,https://secure.booking.com/help/confirmation_pin_auth
2025-07-28 02:24:47,RECOVERY_AGENT,5727559423,7098,FAILURE,https://secure.booking.com/help/confirmation_pin_auth
2025-07-28 02:25:08,RECOVERY_AGENT,5727559423,3816,FAILURE,https://secure.booking.com/help/confirmation_pin_auth
2025-07-28 02:25:38,RECOVERY_AGENT,5727559423,4039,FAILURE,https://secure.booking.com/help/confirmation_pin_auth
2025-07-28 02:26:01,RECOVERY_AGENT,5727559423,2745,FAILURE,https://secure.booking.com/help/confirmation_pin_auth
2025-07-28 02:26:32,RECOVERY_AGENT,5727559423,8652,FAILURE,https://secure.booking.com/help/confirmation_pin_auth
2025-07-28 02:26:53,RECOVERY_AGENT,5727559423,1790,FAILURE,https://secure.booking.com/help/confirmation_pin_auth
2025-07-28 02:27:22,RECOVERY_AGENT,5727559423,7943,FAILURE,https://secure.booking.com/help/confirmation_pin_auth
2025-07-28 02:27:44,RECOVERY_AGENT,5727559423,6005,FAILURE,https://secure.booking.com/help/confirmation_pin_auth
2025-07-28 02:28:14,RECOVERY_AGENT,5727559423,9102,FAILURE,https://secure.booking.com/help/confirmation_pin_auth
2025-07-28 02:28:36,RECOVERY_AGENT,5727559423,2384,FAILURE,https://secure.booking.com/help/confirmation_pin_auth
2025-07-28 02:28:58,RECOVERY_AGENT,5727559423,7349,FAILURE,https://secure.booking.com/help/confirmation_pin_auth
2025-07-28 02:29:19,RECOVERY_AGENT,5727559423,1860,FAILURE,https://secure.booking.com/help/confirmation_pin_auth
2025-07-28 02:29:51,RECOVERY_AGENT,5727559423,8217,FAILURE,https://secure.booking.com/help/confirmation_pin_auth
2025-07-28 02:30:15,RECOVERY_AGENT,5727559423,9558,FAILURE,https://secure.booking.com/help/confirmation_pin_auth
2025-07-28 02:30:40,RECOVERY_AGENT,5727559423,1332,FAILURE,https://secure.booking.com/help/confirmation_pin_auth
2025-07-28 02:31:10,RECOVERY_AGENT,5727559423,4206,FAILURE,https://secure.booking.com/help/confirmation_pin_auth
2025-07-28 02:31:49,RECOVERY_AGENT,5727559423,7581,FAILURE,https://secure.booking.com/help/confirmation_pin_auth
2025-07-28 02:32:26,RECOVERY_AGENT,5727559423,3018,EXCEPTION,
2025-07-28 02:32:57,RECOVERY_AGENT,5727559423,6440,FAILURE,https://secure.booking.com/help/confirmation_pin_auth
2025-07-28 02:33:25,RECOVERY_AGENT,5727559423,9224,FAILURE,https://secure.booking.com/help/confirmation_pin_auth
2025-07-28 02:34:07,RECOVERY_AGENT,5727559423,5421,FAILURE,https://secure.booking.com/help/confirmation_pin_auth
2025-07-28 02:34:39,RECOVERY_AGENT,5727559423,3975,FAILURE,https://secure.booking.com/help/confirmation_pin_auth
2025-07-28 02:35:09,RECOVERY_AGENT,5727559423,6876,FAILURE,https://secure.booking.com/help/confirmation_pin_auth
2025-07-28 02:35:46,RECOVERY_AGENT,5727559423,7033,FAILURE,https://secure.booking.com/help/confirmation_pin_auth
2025-07-28 02:36:08,RECOVERY_AGENT,5727559423,8751,FAILURE,https://secure.booking.com/help/confirmation_pin_auth
2025-07-28 02:36:31,RECOVERY_AGENT,5727559423,1094,FAILURE,https://secure.booking.com/help/confirmation_pin_auth
2025-07-28 02:36:58,RECOVERY_AGENT,5727559423,5672,FAILURE,https://secure.booking.com/help/confirmation_pin_auth
2025-07-28 02:37:22,RECOVERY_AGENT,5727559423,8348,FAILURE,https://secure.booking.com/help/confirmation_pin_auth
2025-07-28 02:37:44,RECOVERY_AGENT,5727559423,7469,FAILURE,https://secure.booking.com/help/confirmation_pin_auth
2025-07-28 02:38:06,RECOVERY_AGENT,5727559423,2903,FAILURE,https://secure.booking.com/help/confirmation_pin_auth
2025-07-28 02:38:28,RECOVERY_AGENT,5727559423,1881,FAILURE,https://secure.booking.com/help/confirmation_pin_auth
2025-07-28 02:38:51,RECOVERY_AGENT,5727559423,4727,FAILURE,https://secure.booking.com/help/confirmation_pin_auth
2025-07-28 02:39:12,RECOVERY_AGENT,5727559423,3156,FAILURE,https://secure.booking.com/help/confirmation_pin_auth
2025-07-28 02:39:35,RECOVERY_AGENT,5727559423,9317,FAILURE,https://secure.booking.com/help/confirmation_pin_auth
2025-07-28 02:39:57,RECOVERY_AGENT,5727559423,1517,FAILURE,https://secure.booking.com/help/confirmation_pin_auth
2025-07-28 02:40:22,RECOVERY_AGENT,5727559423,4490,FAILURE,https://secure.booking.com/help/confirmation_pin_auth
2025-07-28 02:40:43,RECOVERY_AGENT,5727559423,2586,FAILURE,https://secure.booking.com/help/confirmation_pin_auth
2025-07-28 02:41:10,RECOVERY_AGENT,5727559423,6048,FAILURE,https://secure.booking.com/help/confirmation_pin_auth
2025-07-28 02:41:34,RECOVERY_AGENT,5727559423,7025,FAILURE,https://secure.booking.com/help/confirmation_pin_auth
2025-07-28 02:41:57,RECOVERY_AGENT,5727559423,1394,FAILURE,https://secure.booking.com/help/confirmation_pin_auth
2025-07-28 02:42:24,RECOVERY_AGENT,5727559423,7635,FAILURE,https://secure.booking.com/help/confirmation_pin_auth
2025-07-28 02:42:48,RECOVERY_AGENT,5727559423,2981,FAILURE,https://secure.booking.com/help/confirmation_pin_auth
2025-07-28 02:43:10,RECOVERY_AGENT,5727559423,8479,FAILURE,https://secure.booking.com/help/confirmation_pin_auth
2025-07-28 02:43:34,RECOVERY_AGENT,5727559423,2390,SUCCESS,https://secure.booking.com/help/reservation?hc_origin=auth_conf_pin&pincode=2390&unique_order_id=22-5727559423
